model,fold,mae,rmse,r2,best_params,spearman,best_params_full_data
Ridge,1,2.312820601333257,2.902260584079468,-0.8714227277072697,"{'selector__k': 'all', 'selector': SelectKBest(score_func=<function mutual_info_regression at 0x000001FCBE703380>), 'model__alpha': 10.0}",,
Ridge,2,1.090984264878838,1.4039404470721961,0.13769670939391543,"{'selector__k': 'all', 'selector': SelectKBest(score_func=<function mutual_info_regression at 0x000001FCBE703380>), 'model__alpha': 100.0}",,
Ridge,3,0.9401815060694848,1.0402261669530821,0.2813253182200257,"{'selector__n_features_to_select': 10, 'selector': RFE(estimator=Ridge(), step=0.25), 'model__alpha': 100.0}",,
Ridge,4,1.630105959118944,1.7872557385150694,-4.282314258121963,"{'selector': SelectFromModel(estimator=ElasticNet(alpha=0.05, l1_ratio=0.8, max_iter=20000,
                                     random_state=42)), 'model__alpha': 100.0}",,
Ridge,5,1.8751662490682726,2.055980088985178,0.049903754151827684,"{'selector__k': 'all', 'selector': SelectKBest(score_func=<function mutual_info_regression at 0x000001FCBE703380>), 'model__alpha': 100.0}",,
Ridge,6,1.5393923355173402,1.7533505243587082,0.2350822269789803,"{'selector__k': 'all', 'selector': SelectKBest(score_func=<function mutual_info_regression at 0x000001FCBE703380>), 'model__alpha': 100.0}",,
Ridge,7,1.018875172641286,1.1890157380830362,0.23018580616551998,"{'selector__k': 10, 'selector': SelectKBest(score_func=<function mutual_info_regression at 0x000001FCBE703380>), 'model__alpha': 100.0}",,
Ridge,8,1.242292784819805,1.4783959437515974,-1.4033546352310133,"{'selector__k': 'all', 'selector': SelectKBest(score_func=<function mutual_info_regression at 0x000001FCBE703380>), 'model__alpha': 100.0}",,
Ridge,9,1.1592390863956434,1.3011057950988536,0.18684622663321604,"{'selector__n_features_to_select': 10, 'selector': RFE(estimator=Ridge(), step=0.25), 'model__alpha': 100.0}",,
Ridge,10,2.021703173023832,2.6368993758616495,-0.07365025019092286,"{'selector__k': 10, 'selector': SelectKBest(score_func=<function mutual_info_regression at 0x000001FCBE703380>), 'model__alpha': 100.0}",,
Ridge,11,1.7497548242645782,1.8936788928678032,-0.19856709502519432,"{'selector__k': 10, 'selector': SelectKBest(score_func=<function mutual_info_regression at 0x000001FCBE703380>), 'model__alpha': 100.0}",,
Ridge,12,2.152648629812945,2.5439656121183827,-3.8250039330876175,"{'selector__k': 'all', 'selector': SelectKBest(score_func=<function mutual_info_regression at 0x000001FCBE703380>), 'model__alpha': 10.0}",,
Ridge,13,0.6757589384425429,0.7381515992083819,0.6568374222702088,"{'selector__k': 10, 'selector': SelectKBest(score_func=<function mutual_info_regression at 0x000001FCBE703380>), 'model__alpha': 100.0}",,
Ridge,14,1.6657258248580142,2.2230955618162977,0.24795035922354325,"{'selector': SelectFromModel(estimator=ElasticNet(alpha=0.05, l1_ratio=0.8, max_iter=20000,
                                     random_state=42)), 'model__alpha': 100.0}",,
Ridge,15,2.478942490508636,2.5431733889091706,-4.380891662041944,"{'selector__k': 'all', 'selector': SelectKBest(score_func=<function mutual_info_regression at 0x000001FCBE703380>), 'model__alpha': 10.0}",,
Ridge,16,1.0975837495271217,1.1873190959097626,0.19004870898010917,"{'selector': SelectFromModel(estimator=ElasticNet(alpha=0.05, l1_ratio=0.8, max_iter=20000,
                                     random_state=42)), 'model__alpha': 10.0}",,
Ridge,17,2.5062591894493735,2.66550935791176,-0.04758314013755793,"{'selector__k': 'all', 'selector': SelectKBest(score_func=<function mutual_info_regression at 0x000001FCBE703380>), 'model__alpha': 10.0}",,
Ridge,18,1.5982416438186469,1.9001230157845277,-0.32440653033846,"{'selector__k': 10, 'selector': SelectKBest(score_func=<function mutual_info_regression at 0x000001FCBE703380>), 'model__alpha': 0.1}",,
Ridge,19,1.4393837091497577,1.717805926944949,-0.48119255930754923,"{'selector__k': 'all', 'selector': SelectKBest(score_func=<function mutual_info_regression at 0x000001FCBE703380>), 'model__alpha': 100.0}",,
Ridge,20,1.4686144808959536,1.744952996416475,0.11557391946004081,"{'selector__k': 10, 'selector': SelectKBest(score_func=<function mutual_info_regression at 0x000001FCBE703380>), 'model__alpha': 100.0}",,
Ridge,21,1.080004428311817,1.1716034563314328,-0.2970999125528928,"{'selector__k': 'all', 'selector': SelectKBest(score_func=<function mutual_info_regression at 0x000001FCBE703380>), 'model__alpha': 100.0}",,
Ridge,22,1.8810060154732986,2.3693922729510795,-0.13716725291315757,"{'selector__k': 10, 'selector': SelectKBest(score_func=<function mutual_info_regression at 0x000001FCBE703380>), 'model__alpha': 10.0}",,
Ridge,23,1.8019267651697237,2.1003454748268138,-0.09528181574319694,"{'selector__k': 10, 'selector': SelectKBest(score_func=<function mutual_info_regression at 0x000001FCBE703380>), 'model__alpha': 10.0}",,
Ridge,24,1.3648276345815125,1.555858199817134,-0.13053826089306364,"{'selector': SelectFromModel(estimator=ElasticNet(alpha=0.05, l1_ratio=0.8, max_iter=20000,
                                     random_state=42)), 'model__alpha': 100.0}",,
Ridge,25,0.8837841682451413,0.9582362937742829,0.6269897128013038,"{'selector__k': 10, 'selector': SelectKBest(score_func=<function mutual_info_regression at 0x000001FCBE703380>), 'model__alpha': 10.0}",,
Ridge,26,1.3730056196618747,1.5304471147384864,0.0013753493079841084,"{'selector__k': 'all', 'selector': SelectKBest(score_func=<function mutual_info_regression at 0x000001FCBE703380>), 'model__alpha': 100.0}",,
Ridge,27,1.0229580532176912,1.2389003866733352,-0.3697270698082027,"{'selector__k': 'all', 'selector': SelectKBest(score_func=<function mutual_info_regression at 0x000001FCBE703380>), 'model__alpha': 100.0}",,
Ridge,28,0.9323421815897325,1.1575485177701845,0.18614281838305613,"{'selector__k': 10, 'selector': SelectKBest(score_func=<function mutual_info_regression at 0x000001FCBE703380>), 'model__alpha': 100.0}",,
Ridge,29,1.8481377787482192,2.2433823901871204,0.24017821449311938,"{'selector__k': 'all', 'selector': SelectKBest(score_func=<function mutual_info_regression at 0x000001FCBE703380>), 'model__alpha': 100.0}",,
Ridge,30,1.6924332026618487,1.987360829599113,0.14682024061885912,"{'selector__k': 10, 'selector': SelectKBest(score_func=<function mutual_info_regression at 0x000001FCBE703380>), 'model__alpha': 100.0}",,
Ridge,31,1.1875898912847849,1.3527468987869056,0.3808249154508082,"{'selector__k': 'all', 'selector': SelectKBest(score_func=<function mutual_info_regression at 0x000001FCBE703380>), 'model__alpha': 100.0}",,
Ridge,32,0.7893433125902353,0.873749932243112,0.46159105309350923,"{'selector__k': 'all', 'selector': SelectKBest(score_func=<function mutual_info_regression at 0x000001FCBE703380>), 'model__alpha': 10.0}",,
Ridge,33,1.4887610893902898,1.880638974738988,0.14562247791738148,"{'selector__k': 10, 'selector': SelectKBest(score_func=<function mutual_info_regression at 0x000001FCBE703380>), 'model__alpha': 10.0}",,
Ridge,34,1.8748052329541345,2.379544120112639,-0.07495224687618185,"{'selector__k': 10, 'selector': SelectKBest(score_func=<function mutual_info_regression at 0x000001FCBE703380>), 'model__alpha': 10.0}",,
Ridge,35,1.2339219616109094,1.5463144509189752,-1.0609215869187376,"{'selector': SelectFromModel(estimator=ElasticNet(alpha=0.05, l1_ratio=0.8, max_iter=20000,
                                     random_state=42)), 'model__alpha': 100.0}",,
Ridge,36,1.6828064206002087,2.3631226227784645,0.0006992507279531823,"{'selector__k': 10, 'selector': SelectKBest(score_func=<function mutual_info_regression at 0x000001FCBE703380>), 'model__alpha': 10.0}",,
Ridge,37,1.0881219999209926,1.2857463825968567,0.4117205882482674,"{'selector__k': 10, 'selector': SelectKBest(score_func=<function mutual_info_regression at 0x000001FCBE703380>), 'model__alpha': 10.0}",,
Ridge,38,0.75251985579001,0.9839139325495945,0.46513727705250796,"{'selector__k': 10, 'selector': SelectKBest(score_func=<function mutual_info_regression at 0x000001FCBE703380>), 'model__alpha': 0.1}",,
Ridge,39,0.7465077752052071,0.8406102197671803,0.14278748317452405,"{'selector__k': 'all', 'selector': SelectKBest(score_func=<function mutual_info_regression at 0x000001FCBE703380>), 'model__alpha': 100.0}",,
Ridge,40,1.7994956922160312,2.0369920538828086,-1.3160547088871866,"{'selector__k': 'all', 'selector': SelectKBest(score_func=<function mutual_info_regression at 0x000001FCBE703380>), 'model__alpha': 100.0}",,
Ridge,41,1.383170468464545,1.7249918779589717,-0.13993635034514318,"{'selector__k': 10, 'selector': SelectKBest(score_func=<function mutual_info_regression at 0x000001FCBE703380>), 'model__alpha': 100.0}",,
Ridge,42,0.6760500279518785,0.8842478580132228,0.44120550121289814,"{'selector__k': 10, 'selector': SelectKBest(score_func=<function mutual_info_regression at 0x000001FCBE703380>), 'model__alpha': 10.0}",,
Ridge,43,2.410926432425947,2.6933378622850612,0.18293283250286585,"{'selector__k': 'all', 'selector': SelectKBest(score_func=<function mutual_info_regression at 0x000001FCBE703380>), 'model__alpha': 100.0}",,
Ridge,44,1.2820208468341885,1.5775715014504201,-0.17596745628616017,"{'selector__k': 'all', 'selector': SelectKBest(score_func=<function mutual_info_regression at 0x000001FCBE703380>), 'model__alpha': 100.0}",,
Ridge,45,1.6297018233643374,2.013001877653392,-4.633907955153731,"{'selector__n_features_to_select': 10, 'selector': RFE(estimator=Ridge(), step=0.25), 'model__alpha': 10.0}",,
Ridge,46,1.7686981408224054,2.182354198092295,0.21643226751970412,"{'selector__k': 'all', 'selector': SelectKBest(score_func=<function mutual_info_regression at 0x000001FCBE703380>), 'model__alpha': 100.0}",,
Ridge,47,1.044884408023056,1.4346451627304069,0.19790568807388476,"{'selector__k': 10, 'selector': SelectKBest(score_func=<function mutual_info_regression at 0x000001FCBE703380>), 'model__alpha': 10.0}",,
Ridge,48,1.93514491998159,2.2141791088814533,-3.773047038564738,"{'selector': SelectFromModel(estimator=ElasticNet(alpha=0.05, l1_ratio=0.8, max_iter=20000,
                                     random_state=42)), 'model__alpha': 10.0}",,
Ridge,49,1.8014122698707833,1.9598667626137092,-1.3262201180041417,"{'selector__k': 'all', 'selector': SelectKBest(score_func=<function mutual_info_regression at 0x000001FCBE703380>), 'model__alpha': 100.0}",,
Ridge,50,1.9534144006576881,2.6796868079989595,-12.08105461746473,"{'selector__n_features_to_select': 10, 'selector': RFE(estimator=Ridge(), step=0.25), 'model__alpha': 10.0}",,
Ridge,51,1.292090583683057,1.429169950148222,-0.20931028311436117,"{'selector': SelectFromModel(estimator=ElasticNet(alpha=0.05, l1_ratio=0.8, max_iter=20000,
                                     random_state=42)), 'model__alpha': 100.0}",,
Ridge,52,1.8170778613221221,2.528641561455951,-0.10881466501288495,"{'selector__k': 10, 'selector': SelectKBest(score_func=<function mutual_info_regression at 0x000001FCBE703380>), 'model__alpha': 100.0}",,
Ridge,53,1.2192686405351865,1.3950720883799517,0.4264743619029323,"{'selector__k': 'all', 'selector': SelectKBest(score_func=<function mutual_info_regression at 0x000001FCBE703380>), 'model__alpha': 100.0}",,
Ridge,54,2.255163846003493,2.4855459003337312,-1.7868795221203495,"{'selector__k': 10, 'selector': SelectKBest(score_func=<function mutual_info_regression at 0x000001FCBE703380>), 'model__alpha': 0.1}",,
Ridge,55,1.2536617877076677,1.514195832219176,-0.4364690923828751,"{'selector__k': 'all', 'selector': SelectKBest(score_func=<function mutual_info_regression at 0x000001FCBE703380>), 'model__alpha': 100.0}",,
Ridge,56,1.8824113028565852,2.351978133428348,-0.11967522297248978,"{'selector__k': 10, 'selector': SelectKBest(score_func=<function mutual_info_regression at 0x000001FCBE703380>), 'model__alpha': 10.0}",,
Ridge,57,0.6530415553801779,0.7407172685861767,0.4363303737647223,"{'selector__k': 'all', 'selector': SelectKBest(score_func=<function mutual_info_regression at 0x000001FCBE703380>), 'model__alpha': 100.0}",,
Ridge,58,1.237941053500688,1.434153983163927,0.18257599574981542,"{'selector__k': 'all', 'selector': SelectKBest(score_func=<function mutual_info_regression at 0x000001FCBE703380>), 'model__alpha': 100.0}",,
Ridge,59,1.589218784019167,1.6218271220677083,-0.11731433494578591,"{'selector__k': 'all', 'selector': SelectKBest(score_func=<function mutual_info_regression at 0x000001FCBE703380>), 'model__alpha': 100.0}",,
Ridge,60,1.487989106945669,1.8428665014955672,0.18675926033605017,"{'selector__k': 'all', 'selector': SelectKBest(score_func=<function mutual_info_regression at 0x000001FCBE703380>), 'model__alpha': 100.0}",,
Ridge,61,1.0497354723863503,1.116549128630245,0.08837770935035749,"{'selector__k': 'all', 'selector': SelectKBest(score_func=<function mutual_info_regression at 0x000001FCBE703380>), 'model__alpha': 100.0}",,
Ridge,62,1.5651036452620255,1.824912690003625,-0.6281850552474084,"{'selector__k': 10, 'selector': SelectKBest(score_func=<function mutual_info_regression at 0x000001FCBE703380>), 'model__alpha': 10.0}",,
Ridge,63,1.4930844184279914,1.7723989922285994,-0.19136862941642296,"{'selector__n_features_to_select': 10, 'selector': RFE(estimator=Ridge(), step=0.25), 'model__alpha': 10.0}",,
Ridge,64,1.455930948726568,1.7840847019426032,-0.17872386862813427,"{'selector__k': 'all', 'selector': SelectKBest(score_func=<function mutual_info_regression at 0x000001FCBE703380>), 'model__alpha': 100.0}",,
Ridge,65,1.775739429805779,2.2566185691078466,0.25660064960162254,"{'selector__k': 'all', 'selector': SelectKBest(score_func=<function mutual_info_regression at 0x000001FCBE703380>), 'model__alpha': 100.0}",,
Ridge,66,1.181440018687238,1.3794528250332896,-0.02260367636680627,"{'selector__k': 10, 'selector': SelectKBest(score_func=<function mutual_info_regression at 0x000001FCBE703380>), 'model__alpha': 10.0}",,
Ridge,67,1.7522926771051774,2.410728649018808,0.0543949159536844,"{'selector__k': 10, 'selector': SelectKBest(score_func=<function mutual_info_regression at 0x000001FCBE703380>), 'model__alpha': 100.0}",,
Ridge,68,1.5967980127336066,1.7426858183757687,0.2909482748049439,"{'selector__k': 'all', 'selector': SelectKBest(score_func=<function mutual_info_regression at 0x000001FCBE703380>), 'model__alpha': 100.0}",,
Ridge,69,1.307581012001105,1.4740952244516583,0.2549711644913849,"{'selector__k': 'all', 'selector': SelectKBest(score_func=<function mutual_info_regression at 0x000001FCBE703380>), 'model__alpha': 100.0}",,
Ridge,70,1.0673658236170829,1.6316412066615043,-1.3115462008301155,"{'selector__k': 10, 'selector': SelectKBest(score_func=<function mutual_info_regression at 0x000001FCBE703380>), 'model__alpha': 10.0}",,
Ridge,71,1.2570910409815308,1.3532502045100545,0.43290305639155036,"{'selector__k': 10, 'selector': SelectKBest(score_func=<function mutual_info_regression at 0x000001FCBE703380>), 'model__alpha': 100.0}",,
Ridge,72,2.0325882659772607,2.4448847416264328,0.1282141473420494,"{'selector__k': 'all', 'selector': SelectKBest(score_func=<function mutual_info_regression at 0x000001FCBE703380>), 'model__alpha': 100.0}",,
Ridge,73,1.1685250665933367,1.267298617699008,-0.1571333369461443,"{'selector__k': 'all', 'selector': SelectKBest(score_func=<function mutual_info_regression at 0x000001FCBE703380>), 'model__alpha': 100.0}",,
Ridge,74,1.4782043067657689,1.8429887758852461,0.029463073262374406,"{'selector': SelectFromModel(estimator=ElasticNet(alpha=0.05, l1_ratio=0.8, max_iter=20000,
                                     random_state=42)), 'model__alpha': 100.0}",,
Ridge,75,2.0359644893469944,2.683535565932977,-5.44812216108947,"{'selector__k': 'all', 'selector': SelectKBest(score_func=<function mutual_info_regression at 0x000001FCBE703380>), 'model__alpha': 10.0}",,
Ridge,76,1.8162549038472389,2.105104508993877,-2.055868178404989,"{'selector__k': 10, 'selector': SelectKBest(score_func=<function mutual_info_regression at 0x000001FCBE703380>), 'model__alpha': 100.0}",,
Ridge,77,2.302118715904798,2.803434827751036,-2.050615417216876,"{'selector__k': 10, 'selector': SelectKBest(score_func=<function mutual_info_regression at 0x000001FCBE703380>), 'model__alpha': 100.0}",,
Ridge,78,1.1437701104291422,1.3330245217228938,0.1831975870062239,"{'selector__k': 'all', 'selector': SelectKBest(score_func=<function mutual_info_regression at 0x000001FCBE703380>), 'model__alpha': 100.0}",,
Ridge,79,1.7637207788051412,2.0149267283309618,-0.0330350037808671,"{'selector__n_features_to_select': 10, 'selector': RFE(estimator=Ridge(), step=0.25), 'model__alpha': 10.0}",,
Ridge,80,1.555188336731743,2.0286413545088657,-2.7080873686072118,"{'selector__n_features_to_select': 10, 'selector': RFE(estimator=Ridge(), step=0.25), 'model__alpha': 10.0}",,
Ridge,81,1.374397898799423,1.6558682012061725,0.32299367285669334,"{'selector__k': 'all', 'selector': SelectKBest(score_func=<function mutual_info_regression at 0x000001FCBE703380>), 'model__alpha': 100.0}",,
Ridge,82,0.9933570880781801,1.152041513325559,0.30693861730881056,"{'selector__k': 10, 'selector': SelectKBest(score_func=<function mutual_info_regression at 0x000001FCBE703380>), 'model__alpha': 100.0}",,
Ridge,83,1.6723396997996662,2.1811972186076205,0.3177623085351018,"{'selector__k': 'all', 'selector': SelectKBest(score_func=<function mutual_info_regression at 0x000001FCBE703380>), 'model__alpha': 100.0}",,
Ridge,84,1.7007926714576087,1.9584979655728767,-3.6266975846981504,"{'selector__k': 10, 'selector': SelectKBest(score_func=<function mutual_info_regression at 0x000001FCBE703380>), 'model__alpha': 10.0}",,
Ridge,85,1.4637770620127863,1.5605769063709234,-0.1507175585027718,"{'selector__k': 'all', 'selector': SelectKBest(score_func=<function mutual_info_regression at 0x000001FCBE703380>), 'model__alpha': 100.0}",,
Ridge,86,1.5544144984235102,1.818553910755059,-1.5648007245995896,"{'selector__n_features_to_select': 10, 'selector': RFE(estimator=Ridge(), step=0.25), 'model__alpha': 10.0}",,
Ridge,87,1.5739355573171347,1.8546314194412687,-0.2443576019244249,"{'selector__k': 10, 'selector': SelectKBest(score_func=<function mutual_info_regression at 0x000001FCBE703380>), 'model__alpha': 100.0}",,
Ridge,88,1.9286236503573289,2.439023335437615,0.15832539254780642,"{'selector': SelectFromModel(estimator=ElasticNet(alpha=0.05, l1_ratio=0.8, max_iter=20000,
                                     random_state=42)), 'model__alpha': 100.0}",,
Ridge,89,1.044955861016749,1.290167048401421,0.3104112807612265,"{'selector__k': 10, 'selector': SelectKBest(score_func=<function mutual_info_regression at 0x000001FCBE703380>), 'model__alpha': 10.0}",,
Ridge,90,0.8932978656559899,1.134804332511108,0.5336942423488062,"{'selector__k': 'all', 'selector': SelectKBest(score_func=<function mutual_info_regression at 0x000001FCBE703380>), 'model__alpha': 10.0}",,
Ridge,91,1.3778367868164396,1.6511400676088535,0.36026256180090743,"{'selector__k': 'all', 'selector': SelectKBest(score_func=<function mutual_info_regression at 0x000001FCBE703380>), 'model__alpha': 100.0}",,
Ridge,92,1.1546256107675104,1.4584081990216327,0.24067442015003981,"{'selector__k': 'all', 'selector': SelectKBest(score_func=<function mutual_info_regression at 0x000001FCBE703380>), 'model__alpha': 100.0}",,
Ridge,93,1.2132555451986793,1.4766580183220208,-0.2592890654828788,"{'selector__k': 10, 'selector': SelectKBest(score_func=<function mutual_info_regression at 0x000001FCBE703380>), 'model__alpha': 100.0}",,
Ridge,94,1.587804818323497,1.6631440410079226,-0.24748918467566106,"{'selector__k': 'all', 'selector': SelectKBest(score_func=<function mutual_info_regression at 0x000001FCBE703380>), 'model__alpha': 10.0}",,
Ridge,95,1.66950043972386,2.102134353717728,0.10004638977288705,"{'selector__k': 10, 'selector': SelectKBest(score_func=<function mutual_info_regression at 0x000001FCBE703380>), 'model__alpha': 10.0}",,
Ridge,96,2.180075661642704,2.6352093455075054,-0.1629027872745108,"{'selector__k': 10, 'selector': SelectKBest(score_func=<function mutual_info_regression at 0x000001FCBE703380>), 'model__alpha': 10.0}",,
Ridge,97,2.3422231539863954,2.5956596832575705,-0.7100438586372015,"{'selector__n_features_to_select': 10, 'selector': RFE(estimator=Ridge(), step=0.25), 'model__alpha': 10.0}",,
Ridge,98,0.7400043595321915,0.8862788721382656,0.4141354798154476,"{'selector__k': 'all', 'selector': SelectKBest(score_func=<function mutual_info_regression at 0x000001FCBE703380>), 'model__alpha': 100.0}",,
Ridge,99,1.9422472444659766,2.0443000905429582,-7.132425025242277,"{'selector__k': 'all', 'selector': SelectKBest(score_func=<function mutual_info_regression at 0x000001FCBE703380>), 'model__alpha': 100.0}",,
Ridge,100,1.5650821816302567,1.8189812345392702,-0.5621504177979275,"{'selector__k': 'all', 'selector': SelectKBest(score_func=<function mutual_info_regression at 0x000001FCBE703380>), 'model__alpha': 10.0}",,
Ridge,OOF_SUMMARY,1.7856279507241952,2.1316991270724333,-0.2959885768535895,"{'selector__k': 10, 'selector': SelectKBest(score_func=<function mutual_info_regression at 0x000001FCBE703380>), 'model__alpha': 10.0}",0.1854838709677419,"{'selector__k': 10, 'selector': SelectKBest(score_func=<function mutual_info_regression at 0x000001FCBE703380>), 'model__alpha': 10.0}"
ElasticNet,1,2.477490056748915,2.9489671717583987,-0.9321416751853904,"{'selector__n_features_to_select': 10, 'selector': RFE(estimator=Ridge(), step=0.25), 'model__l1_ratio': 0.8, 'model__alpha': 0.1}",,
ElasticNet,2,1.303360937473398,1.5800165030154611,-0.09215912190056597,"{'selector__n_features_to_select': 10, 'selector': RFE(estimator=Ridge(), step=0.25), 'model__l1_ratio': 0.3, 'model__alpha': 1.0}",,
ElasticNet,3,0.8322333372486884,0.9277683450022903,0.42831618394765925,"{'selector__n_features_to_select': 10, 'selector': RFE(estimator=Ridge(), step=0.25), 'model__l1_ratio': 0.3, 'model__alpha': 1.0}",,
ElasticNet,4,1.9802435897435897,2.127457985548982,-6.48467278796582,"{'selector': SelectFromModel(estimator=ElasticNet(alpha=0.05, l1_ratio=0.8, max_iter=20000,
                                     random_state=42)), 'model__l1_ratio': 0.8, 'model__alpha': 1.0}",,
ElasticNet,5,1.8565405686421776,2.0559864650598834,0.049897861201728566,"{'selector__k': 'all', 'selector': SelectKBest(score_func=<function mutual_info_regression at 0x000001FCBE703380>), 'model__l1_ratio': 0.3, 'model__alpha': 1.0}",,
ElasticNet,6,1.6115365715522911,1.8529286621750127,0.14573098314370891,"{'selector__k': 10, 'selector': SelectKBest(score_func=<function mutual_info_regression at 0x000001FCBE703380>), 'model__l1_ratio': 0.3, 'model__alpha': 1.0}",,
ElasticNet,7,1.0662941405783355,1.2288050147450793,0.17780154134866122,"{'selector__k': 'all', 'selector': SelectKBest(score_func=<function mutual_info_regression at 0x000001FCBE703380>), 'model__l1_ratio': 0.3, 'model__alpha': 1.0}",,
ElasticNet,8,1.275395229186496,1.5180956300677357,-1.5341632873881248,"{'selector__k': 'all', 'selector': SelectKBest(score_func=<function mutual_info_regression at 0x000001FCBE703380>), 'model__l1_ratio': 0.3, 'model__alpha': 1.0}",,
ElasticNet,9,0.9651619506601251,1.437529163119881,0.007385106569979594,"{'selector__k': 10, 'selector': SelectKBest(score_func=<function mutual_info_regression at 0x000001FCBE703380>), 'model__l1_ratio': 0.8, 'model__alpha': 0.01}",,
ElasticNet,10,2.0506820349457957,2.646651425747689,-0.08160630042480954,"{'selector__k': 10, 'selector': SelectKBest(score_func=<function mutual_info_regression at 0x000001FCBE703380>), 'model__l1_ratio': 0.3, 'model__alpha': 1.0}",,
ElasticNet,11,1.790858358986198,1.9392572909864345,-0.25695734300567663,"{'selector__k': 10, 'selector': SelectKBest(score_func=<function mutual_info_regression at 0x000001FCBE703380>), 'model__l1_ratio': 0.3, 'model__alpha': 1.0}",,
ElasticNet,12,1.129760207568333,1.462161753026326,-0.5939182300256534,"{'selector__k': 10, 'selector': SelectKBest(score_func=<function mutual_info_regression at 0x000001FCBE703380>), 'model__l1_ratio': 0.3, 'model__alpha': 1.0}",,
ElasticNet,13,0.6511236965239355,0.7451825328126517,0.6502690043342954,"{'selector__k': 'all', 'selector': SelectKBest(score_func=<function mutual_info_regression at 0x000001FCBE703380>), 'model__l1_ratio': 0.3, 'model__alpha': 1.0}",,
ElasticNet,14,1.755861006803217,2.3326543731912244,0.17199867052230522,"{'selector__k': 10, 'selector': SelectKBest(score_func=<function mutual_info_regression at 0x000001FCBE703380>), 'model__l1_ratio': 0.3, 'model__alpha': 1.0}",,
ElasticNet,15,2.2907023390898806,2.494550008304893,-4.177102175207758,"{'selector__k': 10, 'selector': SelectKBest(score_func=<function mutual_info_regression at 0x000001FCBE703380>), 'model__l1_ratio': 0.3, 'model__alpha': 0.1}",,
ElasticNet,16,1.045731828279995,1.2256813019127095,0.13686422336553627,"{'selector__n_features_to_select': 10, 'selector': RFE(estimator=Ridge(), step=0.25), 'model__l1_ratio': 0.3, 'model__alpha': 1.0}",,
ElasticNet,17,1.8967738445013311,2.232847511421418,0.2649003660772502,"{'selector__k': 10, 'selector': SelectKBest(score_func=<function mutual_info_regression at 0x000001FCBE703380>), 'model__l1_ratio': 0.8, 'model__alpha': 0.1}",,
ElasticNet,18,1.906475186306958,2.193936114963132,-0.7656549282857603,"{'selector__k': 10, 'selector': SelectKBest(score_func=<function mutual_info_regression at 0x000001FCBE703380>), 'model__l1_ratio': 0.3, 'model__alpha': 0.1}",,
ElasticNet,19,1.3069631273739433,1.6387804961073882,-0.3480465868895235,"{'selector__k': 'all', 'selector': SelectKBest(score_func=<function mutual_info_regression at 0x000001FCBE703380>), 'model__l1_ratio': 0.3, 'model__alpha': 1.0}",,
ElasticNet,20,1.6552086090690716,1.8938940930691452,-0.04185061890213615,"{'selector': SelectFromModel(estimator=ElasticNet(alpha=0.05, l1_ratio=0.8, max_iter=20000,
                                     random_state=42)), 'model__l1_ratio': 0.8, 'model__alpha': 1.0}",,
ElasticNet,21,1.166323409461881,1.3323339644798897,-0.6774065717420825,"{'selector__k': 10, 'selector': SelectKBest(score_func=<function mutual_info_regression at 0x000001FCBE703380>), 'model__l1_ratio': 0.3, 'model__alpha': 0.1}",,
ElasticNet,22,2.010946046238776,2.671277445224093,-0.4454011756443399,"{'selector__k': 'all', 'selector': SelectKBest(score_func=<function mutual_info_regression at 0x000001FCBE703380>), 'model__l1_ratio': 0.8, 'model__alpha': 1.0}",,
ElasticNet,23,1.8583320211498033,2.1159551066385083,-0.11162243949086048,"{'selector__k': 10, 'selector': SelectKBest(score_func=<function mutual_info_regression at 0x000001FCBE703380>), 'model__l1_ratio': 0.3, 'model__alpha': 0.1}",,
ElasticNet,24,1.3396272758920773,1.6116973575906035,-0.21314364191914748,"{'selector__k': 'all', 'selector': SelectKBest(score_func=<function mutual_info_regression at 0x000001FCBE703380>), 'model__l1_ratio': 0.3, 'model__alpha': 1.0}",,
ElasticNet,25,1.5914220290902523,1.6821900359508346,-0.14954424018747559,"{'selector': SelectFromModel(estimator=ElasticNet(alpha=0.05, l1_ratio=0.8, max_iter=20000,
                                     random_state=42)), 'model__l1_ratio': 0.3, 'model__alpha': 1.0}",,
ElasticNet,26,1.4176789723981305,1.5316159458073095,-0.00015056978034722057,"{'selector__k': 'all', 'selector': SelectKBest(score_func=<function mutual_info_regression at 0x000001FCBE703380>), 'model__l1_ratio': 0.3, 'model__alpha': 1.0}",,
ElasticNet,27,1.6189410450084147,1.829976848243227,-1.9884944419144328,"{'selector__k': 10, 'selector': SelectKBest(score_func=<function mutual_info_regression at 0x000001FCBE703380>), 'model__l1_ratio': 0.8, 'model__alpha': 0.01}",,
ElasticNet,28,0.7375726955215534,1.0524762936011842,0.3271869004268828,"{'selector__k': 'all', 'selector': SelectKBest(score_func=<function mutual_info_regression at 0x000001FCBE703380>), 'model__l1_ratio': 0.3, 'model__alpha': 1.0}",,
ElasticNet,29,1.844663142637465,2.1676566782195184,0.290608264408157,"{'selector__k': 10, 'selector': SelectKBest(score_func=<function mutual_info_regression at 0x000001FCBE703380>), 'model__l1_ratio': 0.3, 'model__alpha': 0.1}",,
ElasticNet,30,1.6498822887309041,1.9309528688792648,0.19456510829829232,"{'selector__k': 'all', 'selector': SelectKBest(score_func=<function mutual_info_regression at 0x000001FCBE703380>), 'model__l1_ratio': 0.3, 'model__alpha': 1.0}",,
ElasticNet,31,1.5440719891509864,1.7083268289175562,0.012533659049523083,"{'selector__k': 'all', 'selector': SelectKBest(score_func=<function mutual_info_regression at 0x000001FCBE703380>), 'model__l1_ratio': 0.8, 'model__alpha': 1.0}",,
ElasticNet,32,1.1441603266887979,1.361295326054341,-0.30690092307687955,"{'selector__k': 10, 'selector': SelectKBest(score_func=<function mutual_info_regression at 0x000001FCBE703380>), 'model__l1_ratio': 0.3, 'model__alpha': 0.01}",,
ElasticNet,33,2.0904062559592096,2.3388351000395704,-0.3214117223606312,"{'selector__k': 'all', 'selector': SelectKBest(score_func=<function mutual_info_regression at 0x000001FCBE703380>), 'model__l1_ratio': 0.8, 'model__alpha': 1.0}",,
ElasticNet,34,1.8740465083329052,2.347623821402638,-0.046305874895861354,"{'selector__k': 10, 'selector': SelectKBest(score_func=<function mutual_info_regression at 0x000001FCBE703380>), 'model__l1_ratio': 0.8, 'model__alpha': 0.1}",,
ElasticNet,35,1.3946864497422846,1.6805029204606117,-1.4341334371870653,"{'selector__k': 'all', 'selector': SelectKBest(score_func=<function mutual_info_regression at 0x000001FCBE703380>), 'model__l1_ratio': 0.3, 'model__alpha': 1.0}",,
ElasticNet,36,1.793910196762066,2.2583179474497364,0.08737183120758951,"{'selector__k': 10, 'selector': SelectKBest(score_func=<function mutual_info_regression at 0x000001FCBE703380>), 'model__l1_ratio': 0.8, 'model__alpha': 0.01}",,
ElasticNet,37,0.9426605242284373,1.166963340003115,0.5153954882830465,"{'selector__k': 10, 'selector': SelectKBest(score_func=<function mutual_info_regression at 0x000001FCBE703380>), 'model__l1_ratio': 0.8, 'model__alpha': 0.1}",,
ElasticNet,38,1.2793795892724749,1.4386315749615826,-0.14347661160517777,"{'selector__k': 'all', 'selector': SelectKBest(score_func=<function mutual_info_regression at 0x000001FCBE703380>), 'model__l1_ratio': 0.8, 'model__alpha': 0.1}",,
ElasticNet,39,0.8622027595532601,1.0639817429160827,-0.37330665396076745,"{'selector__n_features_to_select': 10, 'selector': RFE(estimator=Ridge(), step=0.25), 'model__l1_ratio': 0.3, 'model__alpha': 1.0}",,
ElasticNet,40,1.7775139537681384,2.0128773327202816,-1.2615425470421213,"{'selector__k': 10, 'selector': SelectKBest(score_func=<function mutual_info_regression at 0x000001FCBE703380>), 'model__l1_ratio': 0.3, 'model__alpha': 1.0}",,
ElasticNet,41,1.38582785883235,1.745424536224425,-0.16710155328809506,"{'selector__k': 'all', 'selector': SelectKBest(score_func=<function mutual_info_regression at 0x000001FCBE703380>), 'model__l1_ratio': 0.3, 'model__alpha': 1.0}",,
ElasticNet,42,0.7627534293778684,0.8987213283808716,0.42276296677934455,"{'selector__k': 10, 'selector': SelectKBest(score_func=<function mutual_info_regression at 0x000001FCBE703380>), 'model__l1_ratio': 0.8, 'model__alpha': 0.01}",,
ElasticNet,43,2.7320000000000007,2.9995207502636694,-0.013397498908634287,"{'selector__n_features_to_select': 10, 'selector': RFE(estimator=Ridge(), step=0.25), 'model__l1_ratio': 0.8, 'model__alpha': 1.0}",,
ElasticNet,44,1.5890057250322354,1.6869563237378904,-0.3446983625099509,"{'selector__n_features_to_select': 10, 'selector': RFE(estimator=Ridge(), step=0.25), 'model__l1_ratio': 0.3, 'model__alpha': 1.0}",,
ElasticNet,45,1.8710497612384624,2.280638548840818,-6.2315985488899015,"{'selector__k': 'all', 'selector': SelectKBest(score_func=<function mutual_info_regression at 0x000001FCBE703380>), 'model__l1_ratio': 0.8, 'model__alpha': 0.1}",,
ElasticNet,46,1.8627072761997299,2.3166597322476985,0.11702061046872736,"{'selector__k': 10, 'selector': SelectKBest(score_func=<function mutual_info_regression at 0x000001FCBE703380>), 'model__l1_ratio': 0.3, 'model__alpha': 1.0}",,
ElasticNet,47,1.1210804438105222,1.5557320941978472,0.056795069853154634,"{'selector__k': 'all', 'selector': SelectKBest(score_func=<function mutual_info_regression at 0x000001FCBE703380>), 'model__l1_ratio': 0.3, 'model__alpha': 1.0}",,
ElasticNet,48,1.5291868945568305,1.8345443281146674,-2.276624218324301,"{'selector__k': 10, 'selector': SelectKBest(score_func=<function mutual_info_regression at 0x000001FCBE703380>), 'model__l1_ratio': 0.3, 'model__alpha': 1.0}",,
ElasticNet,49,1.8234577140873576,1.9599674938522658,-1.3264592455406254,"{'selector__k': 'all', 'selector': SelectKBest(score_func=<function mutual_info_regression at 0x000001FCBE703380>), 'model__l1_ratio': 0.3, 'model__alpha': 1.0}",,
ElasticNet,50,2.34918606308957,3.0277993959690637,-15.700477108951418,"{'selector__k': 'all', 'selector': SelectKBest(score_func=<function mutual_info_regression at 0x000001FCBE703380>), 'model__l1_ratio': 0.3, 'model__alpha': 0.1}",,
ElasticNet,51,1.6346116248100688,1.734408348016857,-0.7810360248837966,"{'selector__k': 'all', 'selector': SelectKBest(score_func=<function mutual_info_regression at 0x000001FCBE703380>), 'model__l1_ratio': 0.8, 'model__alpha': 1.0}",,
ElasticNet,52,2.150279999999999,2.7543487681638483,-0.3155952022503563,"{'selector__k': 'all', 'selector': SelectKBest(score_func=<function mutual_info_regression at 0x000001FCBE703380>), 'model__l1_ratio': 0.8, 'model__alpha': 1.0}",,
ElasticNet,53,1.746371794871795,1.9355658966402274,-0.1040162360908563,"{'selector__k': 'all', 'selector': SelectKBest(score_func=<function mutual_info_regression at 0x000001FCBE703380>), 'model__l1_ratio': 0.8, 'model__alpha': 1.0}",,
ElasticNet,54,2.203200167773749,2.445466775797629,-1.697727958499955,"{'selector__k': 10, 'selector': SelectKBest(score_func=<function mutual_info_regression at 0x000001FCBE703380>), 'model__l1_ratio': 0.3, 'model__alpha': 0.01}",,
ElasticNet,55,1.373521886482477,1.643383306607183,-0.6920373105557467,"{'selector__k': 10, 'selector': SelectKBest(score_func=<function mutual_info_regression at 0x000001FCBE703380>), 'model__l1_ratio': 0.8, 'model__alpha': 0.01}",,
ElasticNet,56,2.1454678079785734,2.552652989725106,-0.31889149957421603,"{'selector__k': 10, 'selector': SelectKBest(score_func=<function mutual_info_regression at 0x000001FCBE703380>), 'model__l1_ratio': 0.3, 'model__alpha': 1.0}",,
ElasticNet,57,1.1899038011391756,1.3705855876764415,-0.9298875984439521,"{'selector__k': 'all', 'selector': SelectKBest(score_func=<function mutual_info_regression at 0x000001FCBE703380>), 'model__l1_ratio': 0.8, 'model__alpha': 1.0}",,
ElasticNet,58,1.4376065651949006,1.600931392282912,-0.018594346566859876,"{'selector__k': 'all', 'selector': SelectKBest(score_func=<function mutual_info_regression at 0x000001FCBE703380>), 'model__l1_ratio': 0.3, 'model__alpha': 1.0}",,
ElasticNet,59,1.2043724593713723,1.509802750251639,0.03170725657075346,"{'selector__k': 10, 'selector': SelectKBest(score_func=<function mutual_info_regression at 0x000001FCBE703380>), 'model__l1_ratio': 0.8, 'model__alpha': 1.0}",,
ElasticNet,60,1.7045419102841546,1.959407251729181,0.08065017611525871,"{'selector__n_features_to_select': 10, 'selector': RFE(estimator=Ridge(), step=0.25), 'model__l1_ratio': 0.3, 'model__alpha': 1.0}",,
ElasticNet,61,0.8569884662589179,0.9549471750063231,0.3331656570957853,"{'selector__n_features_to_select': 10, 'selector': RFE(estimator=Ridge(), step=0.25), 'model__l1_ratio': 0.3, 'model__alpha': 1.0}",,
ElasticNet,62,1.9960320938572438,2.290834934913764,-1.5657076945001407,"{'selector__k': 10, 'selector': SelectKBest(score_func=<function mutual_info_regression at 0x000001FCBE703380>), 'model__l1_ratio': 0.8, 'model__alpha': 0.01}",,
ElasticNet,63,1.4142336110023164,1.6770655094675972,-0.06665316434956048,"{'selector__n_features_to_select': 10, 'selector': RFE(estimator=Ridge(), step=0.25), 'model__l1_ratio': 0.3, 'model__alpha': 0.1}",,
ElasticNet,64,1.708832332920613,2.050793851904311,-0.5574895912208628,"{'selector__k': 'all', 'selector': SelectKBest(score_func=<function mutual_info_regression at 0x000001FCBE703380>), 'model__l1_ratio': 0.8, 'model__alpha': 1.0}",,
ElasticNet,65,2.1538333333333335,2.646130436501997,-0.022182304996728908,"{'selector__k': 10, 'selector': SelectKBest(score_func=<function mutual_info_regression at 0x000001FCBE703380>), 'model__l1_ratio': 0.8, 'model__alpha': 1.0}",,
ElasticNet,66,1.140365190081993,1.2378591945140751,0.17655207869212797,"{'selector__k': 10, 'selector': SelectKBest(score_func=<function mutual_info_regression at 0x000001FCBE703380>), 'model__l1_ratio': 0.3, 'model__alpha': 1.0}",,
ElasticNet,67,1.750883874216553,2.4189994184315733,0.0478953892511651,"{'selector__k': 10, 'selector': SelectKBest(score_func=<function mutual_info_regression at 0x000001FCBE703380>), 'model__l1_ratio': 0.3, 'model__alpha': 1.0}",,
ElasticNet,68,1.7110115303464883,1.880712427109257,0.17418168106183818,"{'selector': SelectFromModel(estimator=ElasticNet(alpha=0.05, l1_ratio=0.8, max_iter=20000,
                                     random_state=42)), 'model__l1_ratio': 0.3, 'model__alpha': 1.0}",,
ElasticNet,69,1.0663635032648984,1.3686228125070137,0.3577715317418444,"{'selector__k': 10, 'selector': SelectKBest(score_func=<function mutual_info_regression at 0x000001FCBE703380>), 'model__l1_ratio': 0.3, 'model__alpha': 0.1}",,
ElasticNet,70,1.507683878821349,1.9260179357152674,-2.2208752394056286,"{'selector__k': 10, 'selector': SelectKBest(score_func=<function mutual_info_regression at 0x000001FCBE703380>), 'model__l1_ratio': 0.8, 'model__alpha': 0.01}",,
ElasticNet,71,1.642272422150625,1.761135053367358,0.0395242010492739,"{'selector__n_features_to_select': 10, 'selector': RFE(estimator=Ridge(), step=0.25), 'model__l1_ratio': 0.8, 'model__alpha': 1.0}",,
ElasticNet,72,2.25044,2.6687089956649186,-0.03871278175684001,"{'selector': SelectFromModel(estimator=ElasticNet(alpha=0.05, l1_ratio=0.8, max_iter=20000,
                                     random_state=42)), 'model__l1_ratio': 0.8, 'model__alpha': 1.0}",,
ElasticNet,73,1.1954462340280718,1.3029479011062723,-0.22314961986164783,"{'selector': SelectFromModel(estimator=ElasticNet(alpha=0.05, l1_ratio=0.8, max_iter=20000,
                                     random_state=42)), 'model__l1_ratio': 0.3, 'model__alpha': 1.0}",,
ElasticNet,74,1.4854524346086933,1.8526487364189836,0.01926233974681002,"{'selector__k': 'all', 'selector': SelectKBest(score_func=<function mutual_info_regression at 0x000001FCBE703380>), 'model__l1_ratio': 0.3, 'model__alpha': 1.0}",,
ElasticNet,75,0.9127583713144233,1.0800199944771625,-0.04443673144417115,"{'selector__k': 10, 'selector': SelectKBest(score_func=<function mutual_info_regression at 0x000001FCBE703380>), 'model__l1_ratio': 0.3, 'model__alpha': 0.1}",,
ElasticNet,76,1.532361389285633,1.7467054398363726,-1.1039074849373685,"{'selector__k': 10, 'selector': SelectKBest(score_func=<function mutual_info_regression at 0x000001FCBE703380>), 'model__l1_ratio': 0.8, 'model__alpha': 1.0}",,
ElasticNet,77,2.5805771428571425,3.0390230006368824,-2.584879036993645,"{'selector__n_features_to_select': 10, 'selector': RFE(estimator=Ridge(), step=0.25), 'model__l1_ratio': 0.8, 'model__alpha': 1.0}",,
ElasticNet,78,1.0765673230152617,1.3201303364478336,0.19892282549240625,"{'selector__k': 10, 'selector': SelectKBest(score_func=<function mutual_info_regression at 0x000001FCBE703380>), 'model__l1_ratio': 0.3, 'model__alpha': 1.0}",,
ElasticNet,79,2.389588870967301,3.010557228654909,-1.3061645732707592,"{'selector__k': 'all', 'selector': SelectKBest(score_func=<function mutual_info_regression at 0x000001FCBE703380>), 'model__l1_ratio': 0.8, 'model__alpha': 0.1}",,
ElasticNet,80,1.8342506095503375,2.36216337413816,-4.027583266973583,"{'selector__k': 'all', 'selector': SelectKBest(score_func=<function mutual_info_regression at 0x000001FCBE703380>), 'model__l1_ratio': 0.8, 'model__alpha': 0.1}",,
ElasticNet,81,1.596158136576088,1.9630087856143166,0.04855063228499212,"{'selector__k': 'all', 'selector': SelectKBest(score_func=<function mutual_info_regression at 0x000001FCBE703380>), 'model__l1_ratio': 0.8, 'model__alpha': 1.0}",,
ElasticNet,82,1.189332058554037,1.3365815111909654,0.06711879944078858,"{'selector__k': 10, 'selector': SelectKBest(score_func=<function mutual_info_regression at 0x000001FCBE703380>), 'model__l1_ratio': 0.8, 'model__alpha': 1.0}",,
ElasticNet,83,1.8969992924824535,2.350733215661003,0.20758529449144636,"{'selector__k': 'all', 'selector': SelectKBest(score_func=<function mutual_info_regression at 0x000001FCBE703380>), 'model__l1_ratio': 0.3, 'model__alpha': 1.0}",,
ElasticNet,84,1.6353509517061546,1.9265349084655232,-3.4769127402112767,"{'selector__k': 10, 'selector': SelectKBest(score_func=<function mutual_info_regression at 0x000001FCBE703380>), 'model__l1_ratio': 0.3, 'model__alpha': 0.01}",,
ElasticNet,85,1.6065452334162404,1.7096637406345474,-0.38108303440123903,"{'selector__k': 10, 'selector': SelectKBest(score_func=<function mutual_info_regression at 0x000001FCBE703380>), 'model__l1_ratio': 0.3, 'model__alpha': 1.0}",,
ElasticNet,86,1.007612796258929,1.2443818258521298,-0.20090481635642266,"{'selector__k': 10, 'selector': SelectKBest(score_func=<function mutual_info_regression at 0x000001FCBE703380>), 'model__l1_ratio': 0.3, 'model__alpha': 1.0}",,
ElasticNet,87,1.604378605443953,1.7497263941144916,-0.10756765836970628,"{'selector__k': 10, 'selector': SelectKBest(score_func=<function mutual_info_regression at 0x000001FCBE703380>), 'model__l1_ratio': 0.8, 'model__alpha': 0.01}",,
ElasticNet,88,2.193760320100224,2.643552532500547,0.011246111698993588,"{'selector': SelectFromModel(estimator=ElasticNet(alpha=0.05, l1_ratio=0.8, max_iter=20000,
                                     random_state=42)), 'model__l1_ratio': 0.8, 'model__alpha': 1.0}",,
ElasticNet,89,1.0266211761478943,1.2218302796829614,0.3815280255983704,"{'selector__k': 10, 'selector': SelectKBest(score_func=<function mutual_info_regression at 0x000001FCBE703380>), 'model__l1_ratio': 0.8, 'model__alpha': 0.1}",,
ElasticNet,90,0.8997476038608964,1.1360725948900454,0.5326513691289811,"{'selector__k': 'all', 'selector': SelectKBest(score_func=<function mutual_info_regression at 0x000001FCBE703380>), 'model__l1_ratio': 0.8, 'model__alpha': 0.1}",,
ElasticNet,91,1.388718710946571,1.765588545833326,0.26850234284306773,"{'selector__k': 'all', 'selector': SelectKBest(score_func=<function mutual_info_regression at 0x000001FCBE703380>), 'model__l1_ratio': 0.3, 'model__alpha': 1.0}",,
ElasticNet,92,1.2701111430485565,1.532470276517373,0.1615948147665628,"{'selector__k': 'all', 'selector': SelectKBest(score_func=<function mutual_info_regression at 0x000001FCBE703380>), 'model__l1_ratio': 0.3, 'model__alpha': 1.0}",,
ElasticNet,93,1.214215166141801,1.4312301841467963,-0.18299946971751035,"{'selector__k': 'all', 'selector': SelectKBest(score_func=<function mutual_info_regression at 0x000001FCBE703380>), 'model__l1_ratio': 0.3, 'model__alpha': 1.0}",,
ElasticNet,94,1.3790183360552362,1.6597560594616148,-0.24241185478348504,"{'selector__n_features_to_select': 10, 'selector': RFE(estimator=Ridge(), step=0.25), 'model__l1_ratio': 0.8, 'model__alpha': 1.0}",,
ElasticNet,95,1.7735343900420173,2.1178125723467645,0.08657219287430629,"{'selector__k': 10, 'selector': SelectKBest(score_func=<function mutual_info_regression at 0x000001FCBE703380>), 'model__l1_ratio': 0.8, 'model__alpha': 0.01}",,
ElasticNet,96,2.2237946342094332,2.6806217754652066,-0.2033286301630286,"{'selector__k': 10, 'selector': SelectKBest(score_func=<function mutual_info_regression at 0x000001FCBE703380>), 'model__l1_ratio': 0.8, 'model__alpha': 0.1}",,
ElasticNet,97,1.7046443996234661,1.9255815094985498,0.05890046249365566,"{'selector__k': 'all', 'selector': SelectKBest(score_func=<function mutual_info_regression at 0x000001FCBE703380>), 'model__l1_ratio': 0.3, 'model__alpha': 1.0}",,
ElasticNet,98,1.042164157912176,1.1589984090201764,-0.0018947132146722723,"{'selector__k': 10, 'selector': SelectKBest(score_func=<function mutual_info_regression at 0x000001FCBE703380>), 'model__l1_ratio': 0.8, 'model__alpha': 1.0}",,
ElasticNet,99,1.9130196565946436,2.01502063871799,-6.901140231380566,"{'selector__k': 'all', 'selector': SelectKBest(score_func=<function mutual_info_regression at 0x000001FCBE703380>), 'model__l1_ratio': 0.3, 'model__alpha': 1.0}",,
ElasticNet,100,1.352063393342161,1.7744216697528794,-0.4865519024189513,"{'selector__k': 10, 'selector': SelectKBest(score_func=<function mutual_info_regression at 0x000001FCBE703380>), 'model__l1_ratio': 0.8, 'model__alpha': 0.1}",,
ElasticNet,OOF_SUMMARY,1.6669548901226305,1.9966231434419994,-0.1369505092957759,"{'selector__k': 'all', 'selector': SelectKBest(score_func=<function mutual_info_regression at 0x000001FCBE703380>), 'model__l1_ratio': 0.3, 'model__alpha': 1.0}",0.18475378638422657,"{'selector__k': 'all', 'selector': SelectKBest(score_func=<function mutual_info_regression at 0x000001FCBE703380>), 'model__l1_ratio': 0.3, 'model__alpha': 1.0}"
SVR,1,1.449975025968922,1.889591469917834,0.20670460786510148,"{'selector__k': 'all', 'selector': SelectKBest(score_func=<function mutual_info_regression at 0x000001FCBE703380>), 'model__gamma': 'scale', 'model__epsilon': 0.1, 'model__C': 1.0}",,
SVR,2,1.249489596636456,1.4327413576040307,0.10195465493094891,"{'selector__k': 10, 'selector': SelectKBest(score_func=<function mutual_info_regression at 0x000001FCBE703380>), 'model__gamma': 'scale', 'model__epsilon': 0.1, 'model__C': 1.0}",,
SVR,3,1.028305350840581,1.216414016705634,0.017257747967515003,"{'selector__k': 10, 'selector': SelectKBest(score_func=<function mutual_info_regression at 0x000001FCBE703380>), 'model__gamma': 'scale', 'model__epsilon': 0.3, 'model__C': 10.0}",,
SVR,4,1.062830455123043,1.2067195584603145,-1.4080391210383856,"{'selector': SelectFromModel(estimator=ElasticNet(alpha=0.05, l1_ratio=0.8, max_iter=20000,
                                     random_state=42)), 'model__gamma': 'scale', 'model__epsilon': 0.3, 'model__C': 10.0}",,
SVR,5,1.771986916858614,1.9275723792028774,0.1648755817698171,"{'selector__k': 'all', 'selector': SelectKBest(score_func=<function mutual_info_regression at 0x000001FCBE703380>), 'model__gamma': 'scale', 'model__epsilon': 0.1, 'model__C': 1.0}",,
SVR,6,1.306528130811698,1.5245687536932782,0.4216759062209482,"{'selector__k': 'all', 'selector': SelectKBest(score_func=<function mutual_info_regression at 0x000001FCBE703380>), 'model__gamma': 'scale', 'model__epsilon': 0.1, 'model__C': 1.0}",,
SVR,7,0.8146088426782752,0.9747412581304216,0.48264410012625913,"{'selector__k': 'all', 'selector': SelectKBest(score_func=<function mutual_info_regression at 0x000001FCBE703380>), 'model__gamma': 'scale', 'model__epsilon': 0.1, 'model__C': 10.0}",,
SVR,8,1.4069335357024426,2.223264512135459,-4.435238506507781,"{'selector__k': 'all', 'selector': SelectKBest(score_func=<function mutual_info_regression at 0x000001FCBE703380>), 'model__gamma': 'scale', 'model__epsilon': 0.1, 'model__C': 10.0}",,
SVR,9,1.9682359685144455,2.3709497389877083,-1.7001765075187372,"{'selector': SelectFromModel(estimator=ElasticNet(alpha=0.05, l1_ratio=0.8, max_iter=20000,
                                     random_state=42)), 'model__gamma': 'scale', 'model__epsilon': 0.1, 'model__C': 10.0}",,
SVR,10,1.655407832054587,2.3416324783401383,0.15333193138870416,"{'selector__k': 'all', 'selector': SelectKBest(score_func=<function mutual_info_regression at 0x000001FCBE703380>), 'model__gamma': 'scale', 'model__epsilon': 0.3, 'model__C': 1.0}",,
SVR,11,1.4304436890373124,1.50357345581616,0.24438777861795935,"{'selector__n_features_to_select': 10, 'selector': RFE(estimator=Ridge(), step=0.25), 'model__gamma': 'scale', 'model__epsilon': 0.3, 'model__C': 1.0}",,
SVR,12,1.898677213497083,2.235134166465583,-2.724623622057247,"{'selector__k': 10, 'selector': SelectKBest(score_func=<function mutual_info_regression at 0x000001FCBE703380>), 'model__gamma': 'scale', 'model__epsilon': 0.1, 'model__C': 10.0}",,
SVR,13,0.6185615745426106,0.7175403190526857,0.6757340030677242,"{'selector__k': 'all', 'selector': SelectKBest(score_func=<function mutual_info_regression at 0x000001FCBE703380>), 'model__gamma': 'scale', 'model__epsilon': 0.1, 'model__C': 10.0}",,
SVR,14,1.4465687407790133,1.999590532868222,0.3915675218504726,"{'selector__k': 'all', 'selector': SelectKBest(score_func=<function mutual_info_regression at 0x000001FCBE703380>), 'model__gamma': 'scale', 'model__epsilon': 0.1, 'model__C': 1.0}",,
SVR,15,1.9024152297607735,2.0892525907613164,-2.631484590964186,"{'selector__k': 'all', 'selector': SelectKBest(score_func=<function mutual_info_regression at 0x000001FCBE703380>), 'model__gamma': 'scale', 'model__epsilon': 0.1, 'model__C': 10.0}",,
SVR,16,0.487914494256984,0.5314723774688215,0.837712379799271,"{'selector__k': 'all', 'selector': SelectKBest(score_func=<function mutual_info_regression at 0x000001FCBE703380>), 'model__gamma': 'scale', 'model__epsilon': 0.3, 'model__C': 10.0}",,
SVR,17,1.855263323655798,2.035224033726495,0.3892654036838922,"{'selector__k': 10, 'selector': SelectKBest(score_func=<function mutual_info_regression at 0x000001FCBE703380>), 'model__gamma': 'scale', 'model__epsilon': 0.3, 'model__C': 10.0}",,
SVR,18,1.712423554489317,1.8472460537798125,-0.25172051865814904,"{'selector__k': 10, 'selector': SelectKBest(score_func=<function mutual_info_regression at 0x000001FCBE703380>), 'model__gamma': 'scale', 'model__epsilon': 0.1, 'model__C': 1.0}",,
SVR,19,1.1579035117994845,1.4051637478126968,0.00890062653097834,"{'selector__k': 'all', 'selector': SelectKBest(score_func=<function mutual_info_regression at 0x000001FCBE703380>), 'model__gamma': 'scale', 'model__epsilon': 0.1, 'model__C': 10.0}",,
SVR,20,2.158036317651874,2.483452813122982,-0.7914549864726284,"{'selector': SelectFromModel(estimator=ElasticNet(alpha=0.05, l1_ratio=0.8, max_iter=20000,
                                     random_state=42)), 'model__gamma': 'scale', 'model__epsilon': 0.3, 'model__C': 10.0}",,
SVR,21,1.2348500601347467,1.5788638513462148,-1.3555997777094673,"{'selector__k': 10, 'selector': SelectKBest(score_func=<function mutual_info_regression at 0x000001FCBE703380>), 'model__gamma': 'scale', 'model__epsilon': 0.3, 'model__C': 10.0}",,
SVR,22,1.5424380326465525,2.0314323900248885,0.16409840353802185,"{'selector__k': 'all', 'selector': SelectKBest(score_func=<function mutual_info_regression at 0x000001FCBE703380>), 'model__gamma': 'scale', 'model__epsilon': 0.3, 'model__C': 10.0}",,
SVR,23,1.0253159803877572,1.4464643716746322,0.4805306977150404,"{'selector__k': 'all', 'selector': SelectKBest(score_func=<function mutual_info_regression at 0x000001FCBE703380>), 'model__gamma': 'scale', 'model__epsilon': 0.3, 'model__C': 10.0}",,
SVR,24,0.9298660965426846,1.4051930182868253,0.07781680172154992,"{'selector__k': 'all', 'selector': SelectKBest(score_func=<function mutual_info_regression at 0x000001FCBE703380>), 'model__gamma': 'scale', 'model__epsilon': 0.1, 'model__C': 10.0}",,
SVR,25,1.0952194194777598,1.5413490571222288,0.03488830239215235,"{'selector__k': 'all', 'selector': SelectKBest(score_func=<function mutual_info_regression at 0x000001FCBE703380>), 'model__gamma': 'scale', 'model__epsilon': 0.3, 'model__C': 10.0}",,
SVR,26,1.2140810937934623,1.71841414256303,-0.25898717158826456,"{'selector__k': 'all', 'selector': SelectKBest(score_func=<function mutual_info_regression at 0x000001FCBE703380>), 'model__gamma': 'scale', 'model__epsilon': 0.1, 'model__C': 10.0}",,
SVR,27,0.9373549170805526,1.1976159379937381,-0.2799599943143787,"{'selector__k': 'all', 'selector': SelectKBest(score_func=<function mutual_info_regression at 0x000001FCBE703380>), 'model__gamma': 'scale', 'model__epsilon': 0.3, 'model__C': 1.0}",,
SVR,28,0.9155047715200881,1.125652663172954,0.23037600391476465,"{'selector__k': 'all', 'selector': SelectKBest(score_func=<function mutual_info_regression at 0x000001FCBE703380>), 'model__gamma': 'scale', 'model__epsilon': 0.1, 'model__C': 1.0}",,
SVR,29,1.62801662215142,1.9681633823951208,0.4151729881645596,"{'selector__k': 10, 'selector': SelectKBest(score_func=<function mutual_info_regression at 0x000001FCBE703380>), 'model__gamma': 'scale', 'model__epsilon': 0.1, 'model__C': 1.0}",,
SVR,30,1.1593014934505672,1.4344917589414188,0.5554882887272465,"{'selector__k': 'all', 'selector': SelectKBest(score_func=<function mutual_info_regression at 0x000001FCBE703380>), 'model__gamma': 'scale', 'model__epsilon': 0.1, 'model__C': 10.0}",,
SVR,31,1.4614559315962432,1.6212526270973249,0.11063145809470154,"{'selector__k': 10, 'selector': SelectKBest(score_func=<function mutual_info_regression at 0x000001FCBE703380>), 'model__gamma': 'scale', 'model__epsilon': 0.3, 'model__C': 0.1}",,
SVR,32,0.6596320693841238,0.9103872954477217,0.41549216788956633,"{'selector__k': 10, 'selector': SelectKBest(score_func=<function mutual_info_regression at 0x000001FCBE703380>), 'model__gamma': 'scale', 'model__epsilon': 0.3, 'model__C': 1.0}",,
SVR,33,1.062225173703745,1.4892998190172615,0.4641993663899793,"{'selector__k': 'all', 'selector': SelectKBest(score_func=<function mutual_info_regression at 0x000001FCBE703380>), 'model__gamma': 'scale', 'model__epsilon': 0.3, 'model__C': 10.0}",,
SVR,34,1.688734780868038,2.0220015547142918,0.22381612011378127,"{'selector__k': 'all', 'selector': SelectKBest(score_func=<function mutual_info_regression at 0x000001FCBE703380>), 'model__gamma': 'scale', 'model__epsilon': 0.1, 'model__C': 10.0}",,
SVR,35,1.8192810255083482,2.50545228202104,-4.410508835541651,"{'selector__k': 'all', 'selector': SelectKBest(score_func=<function mutual_info_regression at 0x000001FCBE703380>), 'model__gamma': 'scale', 'model__epsilon': 0.1, 'model__C': 10.0}",,
SVR,36,2.0204584720134897,2.3419930744946824,0.018489589454007582,"{'selector__n_features_to_select': 10, 'selector': RFE(estimator=Ridge(), step=0.25), 'model__gamma': 'scale', 'model__epsilon': 0.3, 'model__C': 10.0}",,
SVR,37,1.1737836754955446,1.2487393046761368,0.4450976163824454,"{'selector__k': 'all', 'selector': SelectKBest(score_func=<function mutual_info_regression at 0x000001FCBE703380>), 'model__gamma': 'scale', 'model__epsilon': 0.3, 'model__C': 1.0}",,
SVR,38,0.8490072856132196,1.4746871501969503,-0.20151141790006433,"{'selector__k': 'all', 'selector': SelectKBest(score_func=<function mutual_info_regression at 0x000001FCBE703380>), 'model__gamma': 'scale', 'model__epsilon': 0.3, 'model__C': 10.0}",,
SVR,39,0.6519687819855761,0.8720393784645064,0.07748939808892286,"{'selector__k': 'all', 'selector': SelectKBest(score_func=<function mutual_info_regression at 0x000001FCBE703380>), 'model__gamma': 'scale', 'model__epsilon': 0.3, 'model__C': 1.0}",,
SVR,40,1.4649833978304603,1.7895362830952595,-0.787521032627502,"{'selector__k': 'all', 'selector': SelectKBest(score_func=<function mutual_info_regression at 0x000001FCBE703380>), 'model__gamma': 'scale', 'model__epsilon': 0.1, 'model__C': 10.0}",,
SVR,41,1.6328478110940974,2.0171841143543494,-0.5588257538244414,"{'selector__k': 'all', 'selector': SelectKBest(score_func=<function mutual_info_regression at 0x000001FCBE703380>), 'model__gamma': 'scale', 'model__epsilon': 0.1, 'model__C': 10.0}",,
SVR,42,0.7010815854685573,0.9217407866105638,0.3928140697546554,"{'selector': SelectFromModel(estimator=ElasticNet(alpha=0.05, l1_ratio=0.8, max_iter=20000,
                                     random_state=42)), 'model__gamma': 'scale', 'model__epsilon': 0.1, 'model__C': 10.0}",,
SVR,43,2.0579649760410645,2.3578646392815075,0.3737989008286031,"{'selector': SelectFromModel(estimator=ElasticNet(alpha=0.05, l1_ratio=0.8, max_iter=20000,
                                     random_state=42)), 'model__gamma': 'scale', 'model__epsilon': 0.1, 'model__C': 10.0}",,
SVR,44,1.6804739079169615,2.3898965483368544,-1.6988292153882742,"{'selector__k': 'all', 'selector': SelectKBest(score_func=<function mutual_info_regression at 0x000001FCBE703380>), 'model__gamma': 'scale', 'model__epsilon': 0.3, 'model__C': 10.0}",,
SVR,45,1.5424757528011461,1.800697236969399,-3.5081959420286513,"{'selector__k': 'all', 'selector': SelectKBest(score_func=<function mutual_info_regression at 0x000001FCBE703380>), 'model__gamma': 'scale', 'model__epsilon': 0.3, 'model__C': 1.0}",,
SVR,46,1.3268641755520498,1.6903425869295732,0.5299159310762045,"{'selector__k': 'all', 'selector': SelectKBest(score_func=<function mutual_info_regression at 0x000001FCBE703380>), 'model__gamma': 'scale', 'model__epsilon': 0.3, 'model__C': 10.0}",,
SVR,47,1.2083371363355018,1.4505667474328954,0.18000373362327093,"{'selector__k': 10, 'selector': SelectKBest(score_func=<function mutual_info_regression at 0x000001FCBE703380>), 'model__gamma': 'scale', 'model__epsilon': 0.3, 'model__C': 10.0}",,
SVR,48,2.148123128524938,2.4014416578199107,-4.614541507875268,"{'selector': SelectFromModel(estimator=ElasticNet(alpha=0.05, l1_ratio=0.8, max_iter=20000,
                                     random_state=42)), 'model__gamma': 'scale', 'model__epsilon': 0.3, 'model__C': 1.0}",,
SVR,49,1.4739570397244883,1.5844950414101466,-0.5204756893185303,"{'selector__k': 'all', 'selector': SelectKBest(score_func=<function mutual_info_regression at 0x000001FCBE703380>), 'model__gamma': 'scale', 'model__epsilon': 0.3, 'model__C': 1.0}",,
SVR,50,1.4475153915823082,2.0641709422193686,-6.761863530725381,"{'selector__n_features_to_select': 10, 'selector': RFE(estimator=Ridge(), step=0.25), 'model__gamma': 'scale', 'model__epsilon': 0.3, 'model__C': 10.0}",,
SVR,51,1.497197822312205,1.60438715661418,-0.5240118610735922,"{'selector__k': 'all', 'selector': SelectKBest(score_func=<function mutual_info_regression at 0x000001FCBE703380>), 'model__gamma': 'scale', 'model__epsilon': 0.3, 'model__C': 0.1}",,
SVR,52,1.5657717238927105,1.933824787110181,0.35148703530728487,"{'selector__k': 'all', 'selector': SelectKBest(score_func=<function mutual_info_regression at 0x000001FCBE703380>), 'model__gamma': 'scale', 'model__epsilon': 0.3, 'model__C': 10.0}",,
SVR,53,1.2828122665764659,1.6410926642056451,0.2063559848382327,"{'selector__n_features_to_select': 10, 'selector': RFE(estimator=Ridge(), step=0.25), 'model__gamma': 'scale', 'model__epsilon': 0.3, 'model__C': 1.0}",,
SVR,54,0.7465443233793708,1.0023201951592169,0.5468024214638628,"{'selector__k': 'all', 'selector': SelectKBest(score_func=<function mutual_info_regression at 0x000001FCBE703380>), 'model__gamma': 'scale', 'model__epsilon': 0.3, 'model__C': 10.0}",,
SVR,55,1.4985146287678568,2.056429254604049,-1.6494744757520752,"{'selector__k': 'all', 'selector': SelectKBest(score_func=<function mutual_info_regression at 0x000001FCBE703380>), 'model__gamma': 'scale', 'model__epsilon': 0.3, 'model__C': 10.0}",,
SVR,56,1.5608415953437087,2.1459260397643907,0.06791609677200028,"{'selector__k': 'all', 'selector': SelectKBest(score_func=<function mutual_info_regression at 0x000001FCBE703380>), 'model__gamma': 'scale', 'model__epsilon': 0.3, 'model__C': 10.0}",,
SVR,57,0.7924123925875854,1.2729827782577379,-0.6648102859190221,"{'selector__k': 'all', 'selector': SelectKBest(score_func=<function mutual_info_regression at 0x000001FCBE703380>), 'model__gamma': 'scale', 'model__epsilon': 0.3, 'model__C': 10.0}",,
SVR,58,1.1489875085714942,1.2414585099730635,0.38748004811583625,"{'selector__k': 10, 'selector': SelectKBest(score_func=<function mutual_info_regression at 0x000001FCBE703380>), 'model__gamma': 'scale', 'model__epsilon': 0.3, 'model__C': 1.0}",,
SVR,59,1.5233617500614673,1.5820212401182356,-0.06314101440534925,"{'selector__k': 10, 'selector': SelectKBest(score_func=<function mutual_info_regression at 0x000001FCBE703380>), 'model__gamma': 'scale', 'model__epsilon': 0.3, 'model__C': 10.0}",,
SVR,60,1.0864370672756245,1.3525816559860526,0.5619150219996476,"{'selector__n_features_to_select': 10, 'selector': RFE(estimator=Ridge(), step=0.25), 'model__gamma': 'scale', 'model__epsilon': 0.3, 'model__C': 10.0}",,
SVR,61,0.9770514872517316,1.3393052755499815,-0.31165138140697457,"{'selector': SelectFromModel(estimator=ElasticNet(alpha=0.05, l1_ratio=0.8, max_iter=20000,
                                     random_state=42)), 'model__gamma': 'scale', 'model__epsilon': 0.1, 'model__C': 10.0}",,
SVR,62,1.6815088976663524,2.230461635763968,-1.432254957312379,"{'selector__k': 'all', 'selector': SelectKBest(score_func=<function mutual_info_regression at 0x000001FCBE703380>), 'model__gamma': 'scale', 'model__epsilon': 0.3, 'model__C': 10.0}",,
SVR,63,1.4916853900556724,1.5932214848540418,0.037334339989067766,"{'selector__k': 'all', 'selector': SelectKBest(score_func=<function mutual_info_regression at 0x000001FCBE703380>), 'model__gamma': 'scale', 'model__epsilon': 0.1, 'model__C': 1.0}",,
SVR,64,1.7062563297091013,2.0696590527607097,-0.5862760025988976,"{'selector__n_features_to_select': 10, 'selector': RFE(estimator=Ridge(), step=0.25), 'model__gamma': 'scale', 'model__epsilon': 0.3, 'model__C': 1.0}",,
SVR,65,1.6108070198393343,2.1272250843835905,0.33940884651410363,"{'selector__k': 'all', 'selector': SelectKBest(score_func=<function mutual_info_regression at 0x000001FCBE703380>), 'model__gamma': 'scale', 'model__epsilon': 0.3, 'model__C': 1.0}",,
SVR,66,1.2655591151764476,1.4897830921898978,-0.19272336234260945,"{'selector__k': 'all', 'selector': SelectKBest(score_func=<function mutual_info_regression at 0x000001FCBE703380>), 'model__gamma': 'scale', 'model__epsilon': 0.3, 'model__C': 1.0}",,
SVR,67,1.5990032108495282,2.098385940812801,0.2835533174461028,"{'selector': SelectFromModel(estimator=ElasticNet(alpha=0.05, l1_ratio=0.8, max_iter=20000,
                                     random_state=42)), 'model__gamma': 'scale', 'model__epsilon': 0.3, 'model__C': 10.0}",,
SVR,68,1.2548825303802718,1.4644069132269886,0.4993165167885787,"{'selector__k': 'all', 'selector': SelectKBest(score_func=<function mutual_info_regression at 0x000001FCBE703380>), 'model__gamma': 'scale', 'model__epsilon': 0.3, 'model__C': 1.0}",,
SVR,69,1.0158980905365496,1.1899042005011673,0.5145483307572978,"{'selector__k': 10, 'selector': SelectKBest(score_func=<function mutual_info_regression at 0x000001FCBE703380>), 'model__gamma': 'scale', 'model__epsilon': 0.1, 'model__C': 1.0}",,
SVR,70,1.1251300155771806,1.3563788290460321,-0.597405787404951,"{'selector': SelectFromModel(estimator=ElasticNet(alpha=0.05, l1_ratio=0.8, max_iter=20000,
                                     random_state=42)), 'model__gamma': 'scale', 'model__epsilon': 0.1, 'model__C': 10.0}",,
SVR,71,1.565043416629661,1.7062939021815966,0.09841063268469907,"{'selector__n_features_to_select': 10, 'selector': RFE(estimator=Ridge(), step=0.25), 'model__gamma': 'scale', 'model__epsilon': 0.3, 'model__C': 0.1}",,
SVR,72,2.2075894007424,2.777800627633866,-0.12536960231536876,"{'selector__n_features_to_select': 10, 'selector': RFE(estimator=Ridge(), step=0.25), 'model__gamma': 'scale', 'model__epsilon': 0.3, 'model__C': 10.0}",,
SVR,73,0.6982964371232483,0.8321612093936386,0.5010690805258788,"{'selector__k': 'all', 'selector': SelectKBest(score_func=<function mutual_info_regression at 0x000001FCBE703380>), 'model__gamma': 'scale', 'model__epsilon': 0.3, 'model__C': 10.0}",,
SVR,74,1.420919523122362,1.8154342420909073,0.058267130924772204,"{'selector__k': 10, 'selector': SelectKBest(score_func=<function mutual_info_regression at 0x000001FCBE703380>), 'model__gamma': 'scale', 'model__epsilon': 0.1, 'model__C': 1.0}",,
SVR,75,0.9750131493822227,1.1681377090640341,-0.2218183213418643,"{'selector__k': 'all', 'selector': SelectKBest(score_func=<function mutual_info_regression at 0x000001FCBE703380>), 'model__gamma': 'scale', 'model__epsilon': 0.3, 'model__C': 1.0}",,
SVR,76,1.4442405592033285,1.6242479440923112,-0.8192481608651423,"{'selector__k': 10, 'selector': SelectKBest(score_func=<function mutual_info_regression at 0x000001FCBE703380>), 'model__gamma': 'scale', 'model__epsilon': 0.3, 'model__C': 1.0}",,
SVR,77,2.176839372235082,2.5795931382103703,-1.582908122811793,"{'selector__k': 'all', 'selector': SelectKBest(score_func=<function mutual_info_regression at 0x000001FCBE703380>), 'model__gamma': 'scale', 'model__epsilon': 0.1, 'model__C': 1.0}",,
SVR,78,1.0344669299042049,1.319818692986867,0.1993010017811453,"{'selector__k': 'all', 'selector': SelectKBest(score_func=<function mutual_info_regression at 0x000001FCBE703380>), 'model__gamma': 'scale', 'model__epsilon': 0.1, 'model__C': 1.0}",,
SVR,79,1.4162921474272074,1.9358938775707815,0.04641455312703946,"{'selector__k': 'all', 'selector': SelectKBest(score_func=<function mutual_info_regression at 0x000001FCBE703380>), 'model__gamma': 'scale', 'model__epsilon': 0.3, 'model__C': 10.0}",,
SVR,80,1.0694781799019053,1.813493105382094,-1.9632700182073717,"{'selector__k': 'all', 'selector': SelectKBest(score_func=<function mutual_info_regression at 0x000001FCBE703380>), 'model__gamma': 'scale', 'model__epsilon': 0.3, 'model__C': 10.0}",,
SVR,81,1.102429216450968,1.9310222097953287,0.07930510959612858,"{'selector__k': 'all', 'selector': SelectKBest(score_func=<function mutual_info_regression at 0x000001FCBE703380>), 'model__gamma': 'scale', 'model__epsilon': 0.3, 'model__C': 10.0}",,
SVR,82,0.9920827156791222,1.284094549309409,0.1389478654416021,"{'selector': SelectFromModel(estimator=ElasticNet(alpha=0.05, l1_ratio=0.8, max_iter=20000,
                                     random_state=42)), 'model__gamma': 'scale', 'model__epsilon': 0.3, 'model__C': 1.0}",,
SVR,83,1.0052058678745281,1.5009275773656767,0.6769532969285279,"{'selector__k': 'all', 'selector': SelectKBest(score_func=<function mutual_info_regression at 0x000001FCBE703380>), 'model__gamma': 'scale', 'model__epsilon': 0.1, 'model__C': 10.0}",,
SVR,84,0.795126160628441,1.089430926301202,-0.43160848401422314,"{'selector__k': 'all', 'selector': SelectKBest(score_func=<function mutual_info_regression at 0x000001FCBE703380>), 'model__gamma': 'scale', 'model__epsilon': 0.3, 'model__C': 10.0}",,
SVR,85,1.4593901539659215,1.5144281339446108,-0.08366669529801274,"{'selector__k': 10, 'selector': SelectKBest(score_func=<function mutual_info_regression at 0x000001FCBE703380>), 'model__gamma': 'scale', 'model__epsilon': 0.3, 'model__C': 1.0}",,
SVR,86,1.6453797540754043,1.9847177381854701,-2.0549124589522023,"{'selector__k': 10, 'selector': SelectKBest(score_func=<function mutual_info_regression at 0x000001FCBE703380>), 'model__gamma': 'scale', 'model__epsilon': 0.1, 'model__C': 10.0}",,
SVR,87,1.5532399253733868,2.007990249267232,-0.4586569934995759,"{'selector__n_features_to_select': 10, 'selector': RFE(estimator=Ridge(), step=0.25), 'model__gamma': 'scale', 'model__epsilon': 0.3, 'model__C': 1.0}",,
SVR,88,1.364051698198562,1.8229595635947848,0.5298175821997252,"{'selector__k': 'all', 'selector': SelectKBest(score_func=<function mutual_info_regression at 0x000001FCBE703380>), 'model__gamma': 'scale', 'model__epsilon': 0.1, 'model__C': 10.0}",,
SVR,89,1.0973944281879346,1.4338397294510037,0.14827483920740703,"{'selector__k': 10, 'selector': SelectKBest(score_func=<function mutual_info_regression at 0x000001FCBE703380>), 'model__gamma': 'scale', 'model__epsilon': 0.3, 'model__C': 1.0}",,
SVR,90,0.8168147158527467,0.8466449629942163,0.7404437652944205,"{'selector__k': 'all', 'selector': SelectKBest(score_func=<function mutual_info_regression at 0x000001FCBE703380>), 'model__gamma': 'scale', 'model__epsilon': 0.3, 'model__C': 10.0}",,
SVR,91,1.2358109421672234,1.6057373767079055,0.3949615605847153,"{'selector__k': 'all', 'selector': SelectKBest(score_func=<function mutual_info_regression at 0x000001FCBE703380>), 'model__gamma': 'scale', 'model__epsilon': 0.3, 'model__C': 1.0}",,
SVR,92,0.5835042953661035,0.7076269139426459,0.8212366349996991,"{'selector__k': 'all', 'selector': SelectKBest(score_func=<function mutual_info_regression at 0x000001FCBE703380>), 'model__gamma': 'scale', 'model__epsilon': 0.1, 'model__C': 10.0}",,
SVR,93,1.1501879266608488,1.721594778302176,-0.7116992087037286,"{'selector__k': 'all', 'selector': SelectKBest(score_func=<function mutual_info_regression at 0x000001FCBE703380>), 'model__gamma': 'scale', 'model__epsilon': 0.1, 'model__C': 10.0}",,
SVR,94,1.2797893437408918,1.5377408116326141,-0.06645698317870852,"{'selector__k': 'all', 'selector': SelectKBest(score_func=<function mutual_info_regression at 0x000001FCBE703380>), 'model__gamma': 'scale', 'model__epsilon': 0.3, 'model__C': 1.0}",,
SVR,95,1.410267403753494,1.649586253819729,0.44582204963285477,"{'selector__n_features_to_select': 10, 'selector': RFE(estimator=Ridge(), step=0.25), 'model__gamma': 'scale', 'model__epsilon': 0.3, 'model__C': 10.0}",,
SVR,96,1.8912570491435,2.4137685789815593,0.024326685940149084,"{'selector__k': 10, 'selector': SelectKBest(score_func=<function mutual_info_regression at 0x000001FCBE703380>), 'model__gamma': 'scale', 'model__epsilon': 0.3, 'model__C': 1.0}",,
SVR,97,1.822348180137369,2.1000172021281616,-0.11932821336893795,"{'selector__k': 'all', 'selector': SelectKBest(score_func=<function mutual_info_regression at 0x000001FCBE703380>), 'model__gamma': 'scale', 'model__epsilon': 0.1, 'model__C': 10.0}",,
SVR,98,1.1763183058490567,1.3629933827053995,-0.38561922382891445,"{'selector': SelectFromModel(estimator=ElasticNet(alpha=0.05, l1_ratio=0.8, max_iter=20000,
                                     random_state=42)), 'model__gamma': 'scale', 'model__epsilon': 0.1, 'model__C': 0.1}",,
SVR,99,2.161845769970079,2.500716186205342,-11.169131458496116,"{'selector__k': 10, 'selector': SelectKBest(score_func=<function mutual_info_regression at 0x000001FCBE703380>), 'model__gamma': 'scale', 'model__epsilon': 0.3, 'model__C': 10.0}",,
SVR,100,1.4095672631043474,2.0238536959447035,-0.9338582625528995,"{'selector': SelectFromModel(estimator=ElasticNet(alpha=0.05, l1_ratio=0.8, max_iter=20000,
                                     random_state=42)), 'model__gamma': 'scale', 'model__epsilon': 0.1, 'model__C': 10.0}",,
SVR,OOF_SUMMARY,1.7025507699533433,2.12792705864925,-0.2914060986384883,"{'selector__k': 'all', 'selector': SelectKBest(score_func=<function mutual_info_regression at 0x000001FCBE703380>), 'model__gamma': 'scale', 'model__epsilon': 0.1, 'model__C': 10.0}",0.2551319648093841,"{'selector__k': 'all', 'selector': SelectKBest(score_func=<function mutual_info_regression at 0x000001FCBE703380>), 'model__gamma': 'scale', 'model__epsilon': 0.1, 'model__C': 10.0}"
RandomForest,1,1.533046474540011,1.975107498051069,0.13327650885785214,"{'selector__k': 'all', 'selector': SelectKBest(score_func=<function mutual_info_regression at 0x000001FCBE703380>), 'model__min_samples_leaf': 4, 'model__max_features': 'sqrt', 'model__max_depth': None}",,
RandomForest,2,1.0149490505823568,1.2739389453986223,0.2899974633616166,"{'selector__n_features_to_select': 10, 'selector': RFE(estimator=Ridge(), step=0.25), 'model__min_samples_leaf': 2, 'model__max_features': 'sqrt', 'model__max_depth': None}",,
RandomForest,3,0.8041866249067295,0.8321735353938724,0.5400563816559405,"{'selector__n_features_to_select': 10, 'selector': RFE(estimator=Ridge(), step=0.25), 'model__min_samples_leaf': 2, 'model__max_features': 'sqrt', 'model__max_depth': None}",,
RandomForest,4,1.7389604243843493,1.8998635582188417,-4.968918644829906,"{'selector__k': 10, 'selector': SelectKBest(score_func=<function mutual_info_regression at 0x000001FCBE703380>), 'model__min_samples_leaf': 4, 'model__max_features': 'sqrt', 'model__max_depth': None}",,
RandomForest,5,1.575766190175565,1.8273929353312297,0.2494257233750924,"{'selector__k': 'all', 'selector': SelectKBest(score_func=<function mutual_info_regression at 0x000001FCBE703380>), 'model__min_samples_leaf': 2, 'model__max_features': 'sqrt', 'model__max_depth': None}",,
RandomForest,6,1.3520247619047618,1.713358874496676,0.2695778518301587,"{'selector__k': 'all', 'selector': SelectKBest(score_func=<function mutual_info_regression at 0x000001FCBE703380>), 'model__min_samples_leaf': 2, 'model__max_features': 'sqrt', 'model__max_depth': None}",,
RandomForest,7,0.6505791656350871,0.8559990850430814,0.6010143195934329,"{'selector__k': 10, 'selector': SelectKBest(score_func=<function mutual_info_regression at 0x000001FCBE703380>), 'model__min_samples_leaf': 2, 'model__max_features': 'sqrt', 'model__max_depth': 2}",,
RandomForest,8,1.2769992293005648,1.5983913483296874,-1.8093288235805653,"{'selector__k': 'all', 'selector': SelectKBest(score_func=<function mutual_info_regression at 0x000001FCBE703380>), 'model__min_samples_leaf': 4, 'model__max_features': 'sqrt', 'model__max_depth': 2}",,
RandomForest,9,1.3713316049459359,1.5248337575904132,-0.11684384548520677,"{'selector__k': 10, 'selector': SelectKBest(score_func=<function mutual_info_regression at 0x000001FCBE703380>), 'model__min_samples_leaf': 2, 'model__max_features': 'sqrt', 'model__max_depth': None}",,
RandomForest,10,1.8094632340249859,2.2709858703621824,0.20364890958973836,"{'selector__k': 'all', 'selector': SelectKBest(score_func=<function mutual_info_regression at 0x000001FCBE703380>), 'model__min_samples_leaf': 2, 'model__max_features': 'sqrt', 'model__max_depth': 2}",,
RandomForest,11,1.5394487735831512,1.6956371072489853,0.03901745859620187,"{'selector__k': 'all', 'selector': SelectKBest(score_func=<function mutual_info_regression at 0x000001FCBE703380>), 'model__min_samples_leaf': 2, 'model__max_features': 'sqrt', 'model__max_depth': 2}",,
RandomForest,12,1.566324710283276,1.9053157518394297,-1.706506750263796,"{'selector__k': 10, 'selector': SelectKBest(score_func=<function mutual_info_regression at 0x000001FCBE703380>), 'model__min_samples_leaf': 2, 'model__max_features': 'sqrt', 'model__max_depth': None}",,
RandomForest,13,0.6327301486726866,0.7519524841173055,0.6438855566323334,"{'selector__k': 10, 'selector': SelectKBest(score_func=<function mutual_info_regression at 0x000001FCBE703380>), 'model__min_samples_leaf': 2, 'model__max_features': 'sqrt', 'model__max_depth': 2}",,
RandomForest,14,1.7139461310419934,2.2925001943334333,0.2002596522938075,"{'selector__n_features_to_select': 10, 'selector': RFE(estimator=Ridge(), step=0.25), 'model__min_samples_leaf': 2, 'model__max_features': 'sqrt', 'model__max_depth': 2}",,
RandomForest,15,1.935511669651533,2.2033746154843774,-3.0390477772934705,"{'selector': SelectFromModel(estimator=ElasticNet(alpha=0.05, l1_ratio=0.8, max_iter=20000,
                                     random_state=42)), 'model__min_samples_leaf': 2, 'model__max_features': 'sqrt', 'model__max_depth': 2}",,
RandomForest,16,0.7516393830309901,0.9403761604759644,0.49192571096084103,"{'selector__n_features_to_select': 10, 'selector': RFE(estimator=Ridge(), step=0.25), 'model__min_samples_leaf': 2, 'model__max_features': 'sqrt', 'model__max_depth': None}",,
RandomForest,17,2.1346819931027956,2.370586714510937,0.17140984391015957,"{'selector__n_features_to_select': 10, 'selector': RFE(estimator=Ridge(), step=0.25), 'model__min_samples_leaf': 2, 'model__max_features': 'sqrt', 'model__max_depth': None}",,
RandomForest,18,1.444694624318583,1.5285472644424705,0.14293132810245424,"{'selector__k': 'all', 'selector': SelectKBest(score_func=<function mutual_info_regression at 0x000001FCBE703380>), 'model__min_samples_leaf': 2, 'model__max_features': 'sqrt', 'model__max_depth': None}",,
RandomForest,19,1.5813367443783053,1.9018251803894317,-0.8155345349456014,"{'selector__k': 10, 'selector': SelectKBest(score_func=<function mutual_info_regression at 0x000001FCBE703380>), 'model__min_samples_leaf': 2, 'model__max_features': 'sqrt', 'model__max_depth': None}",,
RandomForest,20,1.8677663469846382,2.130603821028638,-0.3185587288803762,"{'selector__k': 10, 'selector': SelectKBest(score_func=<function mutual_info_regression at 0x000001FCBE703380>), 'model__min_samples_leaf': 2, 'model__max_features': 'sqrt', 'model__max_depth': 2}",,
RandomForest,21,0.9825653387188208,1.1879588652760265,-0.333567329431508,"{'selector__k': 'all', 'selector': SelectKBest(score_func=<function mutual_info_regression at 0x000001FCBE703380>), 'model__min_samples_leaf': 2, 'model__max_features': 'sqrt', 'model__max_depth': None}",,
RandomForest,22,1.851254719569841,2.250804080568149,-0.026185318206580543,"{'selector__k': 10, 'selector': SelectKBest(score_func=<function mutual_info_regression at 0x000001FCBE703380>), 'model__min_samples_leaf': 2, 'model__max_features': 'sqrt', 'model__max_depth': 2}",,
RandomForest,23,1.511231333276384,1.793432404000052,0.2014273514748418,"{'selector__k': 10, 'selector': SelectKBest(score_func=<function mutual_info_regression at 0x000001FCBE703380>), 'model__min_samples_leaf': 2, 'model__max_features': 'sqrt', 'model__max_depth': 2}",,
RandomForest,24,1.2229866235354374,1.6599350695180795,-0.2868485556786904,"{'selector__k': 10, 'selector': SelectKBest(score_func=<function mutual_info_regression at 0x000001FCBE703380>), 'model__min_samples_leaf': 2, 'model__max_features': 'sqrt', 'model__max_depth': 2}",,
RandomForest,25,1.1078693398436703,1.1234846941197691,0.48724500749173205,"{'selector__k': 'all', 'selector': SelectKBest(score_func=<function mutual_info_regression at 0x000001FCBE703380>), 'model__min_samples_leaf': 2, 'model__max_features': 'sqrt', 'model__max_depth': 2}",,
RandomForest,26,1.3021966307634163,1.5165935967892727,0.019372508448731285,"{'selector__k': 'all', 'selector': SelectKBest(score_func=<function mutual_info_regression at 0x000001FCBE703380>), 'model__min_samples_leaf': 2, 'model__max_features': 'sqrt', 'model__max_depth': None}",,
RandomForest,27,0.8095152378213798,0.9941618081271167,0.11798613496021382,"{'selector__k': 10, 'selector': SelectKBest(score_func=<function mutual_info_regression at 0x000001FCBE703380>), 'model__min_samples_leaf': 2, 'model__max_features': 'sqrt', 'model__max_depth': 2}",,
RandomForest,28,0.7137575341146246,0.9110061961286327,0.49590492393015995,"{'selector__k': 'all', 'selector': SelectKBest(score_func=<function mutual_info_regression at 0x000001FCBE703380>), 'model__min_samples_leaf': 4, 'model__max_features': 'sqrt', 'model__max_depth': 2}",,
RandomForest,29,1.734044343472986,2.094095274524638,0.33793900555761713,"{'selector__k': 10, 'selector': SelectKBest(score_func=<function mutual_info_regression at 0x000001FCBE703380>), 'model__min_samples_leaf': 2, 'model__max_features': 'sqrt', 'model__max_depth': 2}",,
RandomForest,30,1.46202243039166,1.77254560467722,0.32129362620642177,"{'selector__k': 10, 'selector': SelectKBest(score_func=<function mutual_info_regression at 0x000001FCBE703380>), 'model__min_samples_leaf': 2, 'model__max_features': 'sqrt', 'model__max_depth': None}",,
RandomForest,31,1.0077222229981286,1.142299994948454,0.5584898136229753,"{'selector__k': 10, 'selector': SelectKBest(score_func=<function mutual_info_regression at 0x000001FCBE703380>), 'model__min_samples_leaf': 2, 'model__max_features': 'sqrt', 'model__max_depth': None}",,
RandomForest,32,0.9301816227349516,1.1720387685887916,0.031227253204906713,"{'selector__k': 'all', 'selector': SelectKBest(score_func=<function mutual_info_regression at 0x000001FCBE703380>), 'model__min_samples_leaf': 2, 'model__max_features': 'sqrt', 'model__max_depth': 2}",,
RandomForest,33,1.5371767157172218,1.7234068239400226,0.28251212561782335,"{'selector__k': 10, 'selector': SelectKBest(score_func=<function mutual_info_regression at 0x000001FCBE703380>), 'model__min_samples_leaf': 2, 'model__max_features': 'sqrt', 'model__max_depth': None}",,
RandomForest,34,1.7739895705679796,2.2191228740201567,0.06510174632252674,"{'selector__n_features_to_select': 10, 'selector': RFE(estimator=Ridge(), step=0.25), 'model__min_samples_leaf': 2, 'model__max_features': 'sqrt', 'model__max_depth': 2}",,
RandomForest,35,1.336301359883075,1.637563955941159,-1.3113322567992016,"{'selector__k': 'all', 'selector': SelectKBest(score_func=<function mutual_info_regression at 0x000001FCBE703380>), 'model__min_samples_leaf': 2, 'model__max_features': 'sqrt', 'model__max_depth': 2}",,
RandomForest,36,1.6634429457106263,2.191187380394463,0.14082282007220537,"{'selector__k': 10, 'selector': SelectKBest(score_func=<function mutual_info_regression at 0x000001FCBE703380>), 'model__min_samples_leaf': 2, 'model__max_features': 'sqrt', 'model__max_depth': 2}",,
RandomForest,37,1.2235725105020794,1.366262281929878,0.33573528271610986,"{'selector__k': 10, 'selector': SelectKBest(score_func=<function mutual_info_regression at 0x000001FCBE703380>), 'model__min_samples_leaf': 2, 'model__max_features': 'sqrt', 'model__max_depth': 2}",,
RandomForest,38,1.1684455202821868,1.2793382874515524,0.09572837140785151,"{'selector__k': 'all', 'selector': SelectKBest(score_func=<function mutual_info_regression at 0x000001FCBE703380>), 'model__min_samples_leaf': 2, 'model__max_features': 'sqrt', 'model__max_depth': None}",,
RandomForest,39,0.75191585000271,0.9048082390776122,0.006855902779087986,"{'selector__k': 10, 'selector': SelectKBest(score_func=<function mutual_info_regression at 0x000001FCBE703380>), 'model__min_samples_leaf': 2, 'model__max_features': 'sqrt', 'model__max_depth': 2}",,
RandomForest,40,1.587929248066749,1.7792526460198947,-0.7670359486563736,"{'selector__k': 10, 'selector': SelectKBest(score_func=<function mutual_info_regression at 0x000001FCBE703380>), 'model__min_samples_leaf': 2, 'model__max_features': 'sqrt', 'model__max_depth': None}",,
RandomForest,41,1.1322000212585035,1.4140433550799965,0.23399440083777434,"{'selector__k': 'all', 'selector': SelectKBest(score_func=<function mutual_info_regression at 0x000001FCBE703380>), 'model__min_samples_leaf': 2, 'model__max_features': 'sqrt', 'model__max_depth': None}",,
RandomForest,42,1.1378280729838754,1.3402820281672354,-0.28379735732224187,"{'selector__n_features_to_select': 10, 'selector': RFE(estimator=Ridge(), step=0.25), 'model__min_samples_leaf': 4, 'model__max_features': 'sqrt', 'model__max_depth': None}",,
RandomForest,43,2.398022087397258,2.662284096218636,0.20166552815986394,"{'selector__n_features_to_select': 10, 'selector': RFE(estimator=Ridge(), step=0.25), 'model__min_samples_leaf': 2, 'model__max_features': 'sqrt', 'model__max_depth': 2}",,
RandomForest,44,0.9839369394841259,1.2921967330720139,0.21100459079372424,"{'selector__k': 'all', 'selector': SelectKBest(score_func=<function mutual_info_regression at 0x000001FCBE703380>), 'model__min_samples_leaf': 2, 'model__max_features': 'sqrt', 'model__max_depth': None}",,
RandomForest,45,1.9348247971042916,2.226532872953549,-5.892545003561409,"{'selector__k': 10, 'selector': SelectKBest(score_func=<function mutual_info_regression at 0x000001FCBE703380>), 'model__min_samples_leaf': 2, 'model__max_features': 'sqrt', 'model__max_depth': None}",,
RandomForest,46,1.7086108196000427,2.1198409097034197,0.26067974464317356,"{'selector__k': 'all', 'selector': SelectKBest(score_func=<function mutual_info_regression at 0x000001FCBE703380>), 'model__min_samples_leaf': 4, 'model__max_features': 'sqrt', 'model__max_depth': 2}",,
RandomForest,47,0.965823580909135,1.3020663454325214,0.3393024938960034,"{'selector__k': 'all', 'selector': SelectKBest(score_func=<function mutual_info_regression at 0x000001FCBE703380>), 'model__min_samples_leaf': 2, 'model__max_features': 'sqrt', 'model__max_depth': 2}",,
RandomForest,48,1.2256654473374686,1.6322806958552492,-1.5939398771492388,"{'selector__k': 10, 'selector': SelectKBest(score_func=<function mutual_info_regression at 0x000001FCBE703380>), 'model__min_samples_leaf': 2, 'model__max_features': 'sqrt', 'model__max_depth': 2}",,
RandomForest,49,1.7409648877776636,1.8625221171101525,-1.1008768186951108,"{'selector__k': 10, 'selector': SelectKBest(score_func=<function mutual_info_regression at 0x000001FCBE703380>), 'model__min_samples_leaf': 2, 'model__max_features': 'sqrt', 'model__max_depth': 2}",,
RandomForest,50,1.5669954292929287,1.767467278981465,-4.690854047226587,"{'selector__k': 10, 'selector': SelectKBest(score_func=<function mutual_info_regression at 0x000001FCBE703380>), 'model__min_samples_leaf': 2, 'model__max_features': 'sqrt', 'model__max_depth': None}",,
RandomForest,51,0.9758338013495991,1.3038163721667877,-0.006474680633386631,"{'selector': SelectFromModel(estimator=ElasticNet(alpha=0.05, l1_ratio=0.8, max_iter=20000,
                                     random_state=42)), 'model__min_samples_leaf': 2, 'model__max_features': 'sqrt', 'model__max_depth': None}",,
RandomForest,52,1.6522861640798472,2.2362997623984486,0.13274971180570272,"{'selector__k': 'all', 'selector': SelectKBest(score_func=<function mutual_info_regression at 0x000001FCBE703380>), 'model__min_samples_leaf': 2, 'model__max_features': 'sqrt', 'model__max_depth': 2}",,
RandomForest,53,1.1348479390893247,1.338267344733881,0.4722292722143505,"{'selector__n_features_to_select': 10, 'selector': RFE(estimator=Ridge(), step=0.25), 'model__min_samples_leaf': 2, 'model__max_features': 'sqrt', 'model__max_depth': None}",,
RandomForest,54,1.6879459826860916,1.9227126930329173,-0.6676442327804415,"{'selector__k': 10, 'selector': SelectKBest(score_func=<function mutual_info_regression at 0x000001FCBE703380>), 'model__min_samples_leaf': 2, 'model__max_features': 'sqrt', 'model__max_depth': 2}",,
RandomForest,55,1.542995163113997,1.611406352517685,-0.6268306117413394,"{'selector__k': 10, 'selector': SelectKBest(score_func=<function mutual_info_regression at 0x000001FCBE703380>), 'model__min_samples_leaf': 2, 'model__max_features': 'sqrt', 'model__max_depth': None}",,
RandomForest,56,2.053378512301191,2.4206077335987835,-0.1859717423233167,"{'selector__k': 'all', 'selector': SelectKBest(score_func=<function mutual_info_regression at 0x000001FCBE703380>), 'model__min_samples_leaf': 4, 'model__max_features': 'sqrt', 'model__max_depth': 2}",,
RandomForest,57,0.484510178571429,0.5658816863557519,0.6710188820627971,"{'selector__k': 'all', 'selector': SelectKBest(score_func=<function mutual_info_regression at 0x000001FCBE703380>), 'model__min_samples_leaf': 2, 'model__max_features': 'sqrt', 'model__max_depth': None}",,
RandomForest,58,0.965172208994709,1.1726590367407663,0.45348846937904164,"{'selector__k': 'all', 'selector': SelectKBest(score_func=<function mutual_info_regression at 0x000001FCBE703380>), 'model__min_samples_leaf': 2, 'model__max_features': 'sqrt', 'model__max_depth': None}",,
RandomForest,59,1.7188830544532612,1.8190375002499413,-0.40556054438616407,"{'selector__k': 'all', 'selector': SelectKBest(score_func=<function mutual_info_regression at 0x000001FCBE703380>), 'model__min_samples_leaf': 2, 'model__max_features': 'sqrt', 'model__max_depth': None}",,
RandomForest,60,1.3041984016754842,1.5195824909077036,0.4470575444718321,"{'selector__k': 10, 'selector': SelectKBest(score_func=<function mutual_info_regression at 0x000001FCBE703380>), 'model__min_samples_leaf': 2, 'model__max_features': 'sqrt', 'model__max_depth': None}",,
RandomForest,61,1.0686567526455022,1.3302807501961174,-0.29403456000156436,"{'selector__k': 10, 'selector': SelectKBest(score_func=<function mutual_info_regression at 0x000001FCBE703380>), 'model__min_samples_leaf': 2, 'model__max_features': 'sqrt', 'model__max_depth': None}",,
RandomForest,62,1.44043572186099,1.6941354411269463,-0.4031879215010734,"{'selector__k': 10, 'selector': SelectKBest(score_func=<function mutual_info_regression at 0x000001FCBE703380>), 'model__min_samples_leaf': 2, 'model__max_features': 'sqrt', 'model__max_depth': 2}",,
RandomForest,63,1.6775216878447248,1.815937130840454,-0.2506183281164671,"{'selector__n_features_to_select': 10, 'selector': RFE(estimator=Ridge(), step=0.25), 'model__min_samples_leaf': 2, 'model__max_features': 'sqrt', 'model__max_depth': 2}",,
RandomForest,64,1.3167335071785684,1.5476385861571786,0.11300690779588252,"{'selector__k': 10, 'selector': SelectKBest(score_func=<function mutual_info_regression at 0x000001FCBE703380>), 'model__min_samples_leaf': 4, 'model__max_features': 'sqrt', 'model__max_depth': 2}",,
RandomForest,65,1.6957257172069713,2.142859803683203,0.32966271069070197,"{'selector__k': 'all', 'selector': SelectKBest(score_func=<function mutual_info_regression at 0x000001FCBE703380>), 'model__min_samples_leaf': 2, 'model__max_features': 'sqrt', 'model__max_depth': 2}",,
RandomForest,66,0.9902467446145119,1.2633369847336469,0.14230660657874572,"{'selector__k': 'all', 'selector': SelectKBest(score_func=<function mutual_info_regression at 0x000001FCBE703380>), 'model__min_samples_leaf': 2, 'model__max_features': 'sqrt', 'model__max_depth': None}",,
RandomForest,67,1.7907734667427577,2.1565731499921337,0.2432689955984314,"{'selector__n_features_to_select': 10, 'selector': RFE(estimator=Ridge(), step=0.25), 'model__min_samples_leaf': 2, 'model__max_features': 'sqrt', 'model__max_depth': None}",,
RandomForest,68,1.2472514153114942,1.4253044127750958,0.5256979699435262,"{'selector__k': 'all', 'selector': SelectKBest(score_func=<function mutual_info_regression at 0x000001FCBE703380>), 'model__min_samples_leaf': 2, 'model__max_features': 'sqrt', 'model__max_depth': None}",,
RandomForest,69,1.1653244692460316,1.4397309266837415,0.289302690963237,"{'selector__k': 'all', 'selector': SelectKBest(score_func=<function mutual_info_regression at 0x000001FCBE703380>), 'model__min_samples_leaf': 2, 'model__max_features': 'sqrt', 'model__max_depth': None}",,
RandomForest,70,0.9849408990522917,1.5194004731107593,-1.004461703262578,"{'selector__k': 10, 'selector': SelectKBest(score_func=<function mutual_info_regression at 0x000001FCBE703380>), 'model__min_samples_leaf': 2, 'model__max_features': 'sqrt', 'model__max_depth': 2}",,
RandomForest,71,1.1975083684652195,1.3638169129751911,0.4240122491235554,"{'selector__k': 'all', 'selector': SelectKBest(score_func=<function mutual_info_regression at 0x000001FCBE703380>), 'model__min_samples_leaf': 4, 'model__max_features': 'sqrt', 'model__max_depth': 2}",,
RandomForest,72,2.0344745741607646,2.308965720866536,0.22245056972521204,"{'selector__k': 10, 'selector': SelectKBest(score_func=<function mutual_info_regression at 0x000001FCBE703380>), 'model__min_samples_leaf': 2, 'model__max_features': 'sqrt', 'model__max_depth': 2}",,
RandomForest,73,1.2172113124491257,1.43752994780564,-0.48887859232608677,"{'selector__k': 10, 'selector': SelectKBest(score_func=<function mutual_info_regression at 0x000001FCBE703380>), 'model__min_samples_leaf': 2, 'model__max_features': 'sqrt', 'model__max_depth': None}",,
RandomForest,74,1.3443968173683611,1.7010174573203425,0.17323092267966433,"{'selector__k': 10, 'selector': SelectKBest(score_func=<function mutual_info_regression at 0x000001FCBE703380>), 'model__min_samples_leaf': 2, 'model__max_features': 'sqrt', 'model__max_depth': None}",,
RandomForest,75,0.7121278951719572,0.8624974490417686,0.33390805142080293,"{'selector__k': 10, 'selector': SelectKBest(score_func=<function mutual_info_regression at 0x000001FCBE703380>), 'model__min_samples_leaf': 2, 'model__max_features': 'sqrt', 'model__max_depth': None}",,
RandomForest,76,1.994580259353741,2.313705870772812,-2.6915060983867236,"{'selector__k': 10, 'selector': SelectKBest(score_func=<function mutual_info_regression at 0x000001FCBE703380>), 'model__min_samples_leaf': 2, 'model__max_features': 'sqrt', 'model__max_depth': None}",,
RandomForest,77,2.003403697562359,2.3572856582522124,-1.1569047154901106,"{'selector__k': 'all', 'selector': SelectKBest(score_func=<function mutual_info_regression at 0x000001FCBE703380>), 'model__min_samples_leaf': 2, 'model__max_features': 'sqrt', 'model__max_depth': None}",,
RandomForest,78,1.0660792091049394,1.4459878188139075,0.038896843096169254,"{'selector__k': 'all', 'selector': SelectKBest(score_func=<function mutual_info_regression at 0x000001FCBE703380>), 'model__min_samples_leaf': 2, 'model__max_features': 'sqrt', 'model__max_depth': None}",,
RandomForest,79,1.3825981145090314,1.812966563330095,0.16367301366246567,"{'selector': SelectFromModel(estimator=ElasticNet(alpha=0.05, l1_ratio=0.8, max_iter=20000,
                                     random_state=42)), 'model__min_samples_leaf': 2, 'model__max_features': 'sqrt', 'model__max_depth': None}",,
RandomForest,80,0.9834939124879741,1.3136067149372852,-0.5547842371506757,"{'selector__k': 10, 'selector': SelectKBest(score_func=<function mutual_info_regression at 0x000001FCBE703380>), 'model__min_samples_leaf': 2, 'model__max_features': 'sqrt', 'model__max_depth': None}",,
RandomForest,81,1.3112398951247168,1.6286170795678627,0.3450937045952678,"{'selector__k': 'all', 'selector': SelectKBest(score_func=<function mutual_info_regression at 0x000001FCBE703380>), 'model__min_samples_leaf': 2, 'model__max_features': 'sqrt', 'model__max_depth': None}",,
RandomForest,82,0.9569318827667851,1.1242136970091998,0.3400163340361816,"{'selector__k': 10, 'selector': SelectKBest(score_func=<function mutual_info_regression at 0x000001FCBE703380>), 'model__min_samples_leaf': 4, 'model__max_features': 'sqrt', 'model__max_depth': None}",,
RandomForest,83,1.2887714462081112,1.703693879191747,0.5837742304364848,"{'selector__k': 10, 'selector': SelectKBest(score_func=<function mutual_info_regression at 0x000001FCBE703380>), 'model__min_samples_leaf': 2, 'model__max_features': 'sqrt', 'model__max_depth': None}",,
RandomForest,84,1.4796318435846558,1.8484185851249013,-3.1212173276480764,"{'selector__k': 'all', 'selector': SelectKBest(score_func=<function mutual_info_regression at 0x000001FCBE703380>), 'model__min_samples_leaf': 2, 'model__max_features': 'sqrt', 'model__max_depth': None}",,
RandomForest,85,1.5530405858116059,1.6615040168442528,-0.3043711342684541,"{'selector__k': 10, 'selector': SelectKBest(score_func=<function mutual_info_regression at 0x000001FCBE703380>), 'model__min_samples_leaf': 4, 'model__max_features': 'sqrt', 'model__max_depth': None}",,
RandomForest,86,1.3422771291508866,1.6153287872425923,-1.0235928349742212,"{'selector__k': 'all', 'selector': SelectKBest(score_func=<function mutual_info_regression at 0x000001FCBE703380>), 'model__min_samples_leaf': 2, 'model__max_features': 'sqrt', 'model__max_depth': 2}",,
RandomForest,87,1.5906434807371312,1.8523882563943188,-0.24134933954516513,"{'selector': SelectFromModel(estimator=ElasticNet(alpha=0.05, l1_ratio=0.8, max_iter=20000,
                                     random_state=42)), 'model__min_samples_leaf': 2, 'model__max_features': 'sqrt', 'model__max_depth': None}",,
RandomForest,88,1.6681657314425553,2.0784339600825366,0.38879798989457215,"{'selector__k': 10, 'selector': SelectKBest(score_func=<function mutual_info_regression at 0x000001FCBE703380>), 'model__min_samples_leaf': 2, 'model__max_features': 'sqrt', 'model__max_depth': None}",,
RandomForest,89,0.8861257971272548,1.0038412816763131,0.5825270312692938,"{'selector__k': 10, 'selector': SelectKBest(score_func=<function mutual_info_regression at 0x000001FCBE703380>), 'model__min_samples_leaf': 2, 'model__max_features': 'sqrt', 'model__max_depth': None}",,
RandomForest,90,1.1159902738527048,1.3371777560861777,0.3525487189584676,"{'selector': SelectFromModel(estimator=ElasticNet(alpha=0.05, l1_ratio=0.8, max_iter=20000,
                                     random_state=42)), 'model__min_samples_leaf': 2, 'model__max_features': 'sqrt', 'model__max_depth': 2}",,
RandomForest,91,1.4686404611076753,1.641700545970214,0.3675563748935864,"{'selector__k': 'all', 'selector': SelectKBest(score_func=<function mutual_info_regression at 0x000001FCBE703380>), 'model__min_samples_leaf': 4, 'model__max_features': 'sqrt', 'model__max_depth': None}",,
RandomForest,92,1.1432930437071878,1.4631875438702495,0.23568949861410182,"{'selector__k': 'all', 'selector': SelectKBest(score_func=<function mutual_info_regression at 0x000001FCBE703380>), 'model__min_samples_leaf': 2, 'model__max_features': 'sqrt', 'model__max_depth': 2}",,
RandomForest,93,1.080727899969231,1.3178847097716957,-0.003044994448783589,"{'selector__k': 'all', 'selector': SelectKBest(score_func=<function mutual_info_regression at 0x000001FCBE703380>), 'model__min_samples_leaf': 2, 'model__max_features': 'sqrt', 'model__max_depth': 2}",,
RandomForest,94,1.1211589816415368,1.4603155029257664,0.038231713439969894,"{'selector__k': 'all', 'selector': SelectKBest(score_func=<function mutual_info_regression at 0x000001FCBE703380>), 'model__min_samples_leaf': 2, 'model__max_features': 'sqrt', 'model__max_depth': 2}",,
RandomForest,95,1.4936878395061732,1.7503416791806568,0.3760570917142063,"{'selector__k': 'all', 'selector': SelectKBest(score_func=<function mutual_info_regression at 0x000001FCBE703380>), 'model__min_samples_leaf': 2, 'model__max_features': 'sqrt', 'model__max_depth': None}",,
RandomForest,96,1.7990131434525216,2.240376361897076,0.15946629905895204,"{'selector__k': 10, 'selector': SelectKBest(score_func=<function mutual_info_regression at 0x000001FCBE703380>), 'model__min_samples_leaf': 2, 'model__max_features': 'sqrt', 'model__max_depth': 2}",,
RandomForest,97,1.2608817765072236,1.6103380069145963,0.3418182554184742,"{'selector__n_features_to_select': 10, 'selector': RFE(estimator=Ridge(), step=0.25), 'model__min_samples_leaf': 2, 'model__max_features': 'sqrt', 'model__max_depth': None}",,
RandomForest,98,0.5835485896164013,0.7068310562423591,0.6273615615376551,"{'selector__k': 'all', 'selector': SelectKBest(score_func=<function mutual_info_regression at 0x000001FCBE703380>), 'model__min_samples_leaf': 2, 'model__max_features': 'sqrt', 'model__max_depth': None}",,
RandomForest,99,1.964649432735878,2.2035071515801183,-8.448431114288118,"{'selector__k': 10, 'selector': SelectKBest(score_func=<function mutual_info_regression at 0x000001FCBE703380>), 'model__min_samples_leaf': 2, 'model__max_features': 'sqrt', 'model__max_depth': None}",,
RandomForest,100,1.0103774795518305,1.132312336191024,0.39466067298610763,"{'selector__n_features_to_select': 10, 'selector': RFE(estimator=Ridge(), step=0.25), 'model__min_samples_leaf': 2, 'model__max_features': 'sqrt', 'model__max_depth': 2}",,
RandomForest,OOF_SUMMARY,1.3365849203482147,1.705784588458936,0.1701535672007094,"{'selector__k': 'all', 'selector': SelectKBest(score_func=<function mutual_info_regression at 0x000001FCBE703380>), 'model__min_samples_leaf': 2, 'model__max_features': 'sqrt', 'model__max_depth': None}",0.4153606469649007,"{'selector__k': 'all', 'selector': SelectKBest(score_func=<function mutual_info_regression at 0x000001FCBE703380>), 'model__min_samples_leaf': 2, 'model__max_features': 'sqrt', 'model__max_depth': None}"
ExtraTrees,1,1.5133213780750456,2.0088504470851927,0.10340914632613085,"{'selector__k': 10, 'selector': SelectKBest(score_func=<function mutual_info_regression at 0x000001FCBE703380>), 'model__min_samples_leaf': 4, 'model__max_features': 'sqrt', 'model__max_depth': 2}",,
ExtraTrees,2,1.2879344661700713,1.4981113256029503,0.018137110543337,"{'selector__k': 10, 'selector': SelectKBest(score_func=<function mutual_info_regression at 0x000001FCBE703380>), 'model__min_samples_leaf': 4, 'model__max_features': 'sqrt', 'model__max_depth': 2}",,
ExtraTrees,3,0.5445099755308743,0.6585985267183773,0.7119165518982691,"{'selector__n_features_to_select': 10, 'selector': RFE(estimator=Ridge(), step=0.25), 'model__min_samples_leaf': 2, 'model__max_features': 'sqrt', 'model__max_depth': None}",,
ExtraTrees,4,1.2396917020826388,1.4161484618871172,-2.316411439745842,"{'selector__k': 'all', 'selector': SelectKBest(score_func=<function mutual_info_regression at 0x000001FCBE703380>), 'model__min_samples_leaf': 4, 'model__max_features': 'sqrt', 'model__max_depth': None}",,
ExtraTrees,5,1.79571934841779,2.048213875655803,0.057067942359625645,"{'selector__k': 10, 'selector': SelectKBest(score_func=<function mutual_info_regression at 0x000001FCBE703380>), 'model__min_samples_leaf': 4, 'model__max_features': 'sqrt', 'model__max_depth': 2}",,
ExtraTrees,6,1.2263680158730128,1.4210092283785254,0.49757521710001973,"{'selector__k': 'all', 'selector': SelectKBest(score_func=<function mutual_info_regression at 0x000001FCBE703380>), 'model__min_samples_leaf': 2, 'model__max_features': 'sqrt', 'model__max_depth': None}",,
ExtraTrees,7,1.041688218136213,1.1764709333347112,0.24634408579872213,"{'selector__k': 10, 'selector': SelectKBest(score_func=<function mutual_info_regression at 0x000001FCBE703380>), 'model__min_samples_leaf': 2, 'model__max_features': 'sqrt', 'model__max_depth': 2}",,
ExtraTrees,8,1.3644002847623724,1.5710191131556799,-1.7139339395272297,"{'selector': SelectFromModel(estimator=ElasticNet(alpha=0.05, l1_ratio=0.8, max_iter=20000,
                                     random_state=42)), 'model__min_samples_leaf': 2, 'model__max_features': 'sqrt', 'model__max_depth': None}",,
ExtraTrees,9,1.1468879234930804,1.5331433844541233,-0.12904956024785275,"{'selector__k': 10, 'selector': SelectKBest(score_func=<function mutual_info_regression at 0x000001FCBE703380>), 'model__min_samples_leaf': 4, 'model__max_features': 'sqrt', 'model__max_depth': None}",,
ExtraTrees,10,1.9132697726240917,2.4917147219386835,0.04132290513716663,"{'selector__k': 'all', 'selector': SelectKBest(score_func=<function mutual_info_regression at 0x000001FCBE703380>), 'model__min_samples_leaf': 4, 'model__max_features': 'sqrt', 'model__max_depth': 2}",,
ExtraTrees,11,1.7368607942927718,1.957837399261673,-0.28115865287457775,"{'selector__k': 10, 'selector': SelectKBest(score_func=<function mutual_info_regression at 0x000001FCBE703380>), 'model__min_samples_leaf': 4, 'model__max_features': 'sqrt', 'model__max_depth': 2}",,
ExtraTrees,12,1.5868183265048441,1.8388190784381253,-1.5208859682091602,"{'selector__k': 10, 'selector': SelectKBest(score_func=<function mutual_info_regression at 0x000001FCBE703380>), 'model__min_samples_leaf': 2, 'model__max_features': 'sqrt', 'model__max_depth': None}",,
ExtraTrees,13,0.6662478042029917,0.909025947533281,0.4795711645496097,"{'selector__k': 10, 'selector': SelectKBest(score_func=<function mutual_info_regression at 0x000001FCBE703380>), 'model__min_samples_leaf': 2, 'model__max_features': 'sqrt', 'model__max_depth': None}",,
ExtraTrees,14,1.5549502339837105,2.1329654334860737,0.3076943441328358,"{'selector__k': 'all', 'selector': SelectKBest(score_func=<function mutual_info_regression at 0x000001FCBE703380>), 'model__min_samples_leaf': 2, 'model__max_features': 'sqrt', 'model__max_depth': 2}",,
ExtraTrees,15,2.46784369316708,2.5933976749325414,-4.595521145064043,"{'selector__n_features_to_select': 10, 'selector': RFE(estimator=Ridge(), step=0.25), 'model__min_samples_leaf': 2, 'model__max_features': 'sqrt', 'model__max_depth': None}",,
ExtraTrees,16,1.0374862663819233,1.1690616514854422,0.21476648824678557,"{'selector': SelectFromModel(estimator=ElasticNet(alpha=0.05, l1_ratio=0.8, max_iter=20000,
                                     random_state=42)), 'model__min_samples_leaf': 2, 'model__max_features': 'sqrt', 'model__max_depth': None}",,
ExtraTrees,17,2.5569484776936973,2.7816635716674596,-0.14087295032941327,"{'selector': SelectFromModel(estimator=ElasticNet(alpha=0.05, l1_ratio=0.8, max_iter=20000,
                                     random_state=42)), 'model__min_samples_leaf': 2, 'model__max_features': 'sqrt', 'model__max_depth': None}",,
ExtraTrees,18,1.571339861712362,1.6534443858388423,-0.002852497000081833,"{'selector__k': 'all', 'selector': SelectKBest(score_func=<function mutual_info_regression at 0x000001FCBE703380>), 'model__min_samples_leaf': 2, 'model__max_features': 'sqrt', 'model__max_depth': None}",,
ExtraTrees,19,1.2896342355599633,1.6669814268079863,-0.3948414673676659,"{'selector__k': 'all', 'selector': SelectKBest(score_func=<function mutual_info_regression at 0x000001FCBE703380>), 'model__min_samples_leaf': 2, 'model__max_features': 'sqrt', 'model__max_depth': None}",,
ExtraTrees,20,1.4143265207218743,1.6321990446587484,0.22617935240500098,"{'selector__k': 'all', 'selector': SelectKBest(score_func=<function mutual_info_regression at 0x000001FCBE703380>), 'model__min_samples_leaf': 4, 'model__max_features': 'sqrt', 'model__max_depth': None}",,
ExtraTrees,21,0.8976221693121685,1.1265571816065407,-0.1992745638354143,"{'selector__k': 'all', 'selector': SelectKBest(score_func=<function mutual_info_regression at 0x000001FCBE703380>), 'model__min_samples_leaf': 2, 'model__max_features': 'sqrt', 'model__max_depth': None}",,
ExtraTrees,22,1.9036934026721042,2.4029320540028425,-0.16958931126052978,"{'selector': SelectFromModel(estimator=ElasticNet(alpha=0.05, l1_ratio=0.8, max_iter=20000,
                                     random_state=42)), 'model__min_samples_leaf': 4, 'model__max_features': 'sqrt', 'model__max_depth': 2}",,
ExtraTrees,23,1.6736695784581899,1.9203903112040746,0.08436282046218424,"{'selector__k': 'all', 'selector': SelectKBest(score_func=<function mutual_info_regression at 0x000001FCBE703380>), 'model__min_samples_leaf': 2, 'model__max_features': 'sqrt', 'model__max_depth': 2}",,
ExtraTrees,24,1.2180575741794566,1.518619743331561,-0.07706849387648385,"{'selector__k': 'all', 'selector': SelectKBest(score_func=<function mutual_info_regression at 0x000001FCBE703380>), 'model__min_samples_leaf': 2, 'model__max_features': 'sqrt', 'model__max_depth': 2}",,
ExtraTrees,25,1.0717141976473736,1.1315024640441482,0.4799003213828593,"{'selector__k': 'all', 'selector': SelectKBest(score_func=<function mutual_info_regression at 0x000001FCBE703380>), 'model__min_samples_leaf': 2, 'model__max_features': 'sqrt', 'model__max_depth': 2}",,
ExtraTrees,26,1.5430088420772334,1.6290199331830115,-0.13140586402207655,"{'selector__k': 'all', 'selector': SelectKBest(score_func=<function mutual_info_regression at 0x000001FCBE703380>), 'model__min_samples_leaf': 2, 'model__max_features': 'sqrt', 'model__max_depth': None}",,
ExtraTrees,27,1.0591196599927855,1.5004158923395114,-1.0090214462273477,"{'selector__k': 'all', 'selector': SelectKBest(score_func=<function mutual_info_regression at 0x000001FCBE703380>), 'model__min_samples_leaf': 2, 'model__max_features': 'sqrt', 'model__max_depth': None}",,
ExtraTrees,28,0.7531014752147143,0.9874372800770391,0.40777214104715487,"{'selector__k': 'all', 'selector': SelectKBest(score_func=<function mutual_info_regression at 0x000001FCBE703380>), 'model__min_samples_leaf': 2, 'model__max_features': 'sqrt', 'model__max_depth': 2}",,
ExtraTrees,29,1.6335292036444133,1.9426627083206904,0.430229532000277,"{'selector__k': 10, 'selector': SelectKBest(score_func=<function mutual_info_regression at 0x000001FCBE703380>), 'model__min_samples_leaf': 2, 'model__max_features': 'sqrt', 'model__max_depth': None}",,
ExtraTrees,30,1.3294658162735462,1.6842647913176299,0.3872154141021106,"{'selector__k': 10, 'selector': SelectKBest(score_func=<function mutual_info_regression at 0x000001FCBE703380>), 'model__min_samples_leaf': 2, 'model__max_features': 'sqrt', 'model__max_depth': None}",,
ExtraTrees,31,1.046259774321993,1.2295919486637206,0.48843314335040877,"{'selector__k': 'all', 'selector': SelectKBest(score_func=<function mutual_info_regression at 0x000001FCBE703380>), 'model__min_samples_leaf': 4, 'model__max_features': 'sqrt', 'model__max_depth': None}",,
ExtraTrees,32,0.7951557777694421,0.9331364949174746,0.3859152563028576,"{'selector__n_features_to_select': 10, 'selector': RFE(estimator=Ridge(), step=0.25), 'model__min_samples_leaf': 2, 'model__max_features': 'sqrt', 'model__max_depth': None}",,
ExtraTrees,33,1.4607008115645241,1.8072953670428988,0.21096327055372188,"{'selector__k': 10, 'selector': SelectKBest(score_func=<function mutual_info_regression at 0x000001FCBE703380>), 'model__min_samples_leaf': 2, 'model__max_features': 'sqrt', 'model__max_depth': None}",,
ExtraTrees,34,1.7734989557491125,2.222755679400065,0.06203829868992694,"{'selector__k': 10, 'selector': SelectKBest(score_func=<function mutual_info_regression at 0x000001FCBE703380>), 'model__min_samples_leaf': 4, 'model__max_features': 'sqrt', 'model__max_depth': None}",,
ExtraTrees,35,1.7900412648647268,1.993620608246249,-2.4257121485867055,"{'selector__n_features_to_select': 10, 'selector': RFE(estimator=Ridge(), step=0.25), 'model__min_samples_leaf': 2, 'model__max_features': 'sqrt', 'model__max_depth': None}",,
ExtraTrees,36,1.6809365998472745,2.338257662437982,0.021618054693975486,"{'selector__k': 10, 'selector': SelectKBest(score_func=<function mutual_info_regression at 0x000001FCBE703380>), 'model__min_samples_leaf': 4, 'model__max_features': 'sqrt', 'model__max_depth': 2}",,
ExtraTrees,37,1.2998308504689746,1.5005589397494412,0.19872951752257173,"{'selector__k': 'all', 'selector': SelectKBest(score_func=<function mutual_info_regression at 0x000001FCBE703380>), 'model__min_samples_leaf': 2, 'model__max_features': 'sqrt', 'model__max_depth': None}",,
ExtraTrees,38,1.0920616087962942,1.1992542053116213,0.20539624999946082,"{'selector__k': 'all', 'selector': SelectKBest(score_func=<function mutual_info_regression at 0x000001FCBE703380>), 'model__min_samples_leaf': 2, 'model__max_features': 'sqrt', 'model__max_depth': None}",,
ExtraTrees,39,1.1039895425278725,1.2703009766664024,-0.9575480747637344,"{'selector__k': 10, 'selector': SelectKBest(score_func=<function mutual_info_regression at 0x000001FCBE703380>), 'model__min_samples_leaf': 2, 'model__max_features': 'sqrt', 'model__max_depth': 2}",,
ExtraTrees,40,1.4646745199515026,1.6714242404635609,-0.5593497571471968,"{'selector__k': 'all', 'selector': SelectKBest(score_func=<function mutual_info_regression at 0x000001FCBE703380>), 'model__min_samples_leaf': 2, 'model__max_features': 'sqrt', 'model__max_depth': None}",,
ExtraTrees,41,1.2783077239229017,1.542358207236867,0.08866722143946026,"{'selector__k': 'all', 'selector': SelectKBest(score_func=<function mutual_info_regression at 0x000001FCBE703380>), 'model__min_samples_leaf': 2, 'model__max_features': 'sqrt', 'model__max_depth': None}",,
ExtraTrees,42,0.816253949512437,1.0110482365500537,0.26945353927139715,"{'selector__k': 'all', 'selector': SelectKBest(score_func=<function mutual_info_regression at 0x000001FCBE703380>), 'model__min_samples_leaf': 4, 'model__max_features': 'sqrt', 'model__max_depth': None}",,
ExtraTrees,43,2.4178735341633524,2.7116369712786415,0.171792460150215,"{'selector__k': 'all', 'selector': SelectKBest(score_func=<function mutual_info_regression at 0x000001FCBE703380>), 'model__min_samples_leaf': 2, 'model__max_features': 'sqrt', 'model__max_depth': 2}",,
ExtraTrees,44,1.2769970191498303,1.6469453990870595,-0.2816681777270549,"{'selector__k': 'all', 'selector': SelectKBest(score_func=<function mutual_info_regression at 0x000001FCBE703380>), 'model__min_samples_leaf': 2, 'model__max_features': 'sqrt', 'model__max_depth': None}",,
ExtraTrees,45,1.9661480737433845,2.149002942731825,-5.4208926308372485,"{'selector__k': 'all', 'selector': SelectKBest(score_func=<function mutual_info_regression at 0x000001FCBE703380>), 'model__min_samples_leaf': 2, 'model__max_features': 'sqrt', 'model__max_depth': None}",,
ExtraTrees,46,1.659612253207343,2.1729048463553053,0.2232031000659902,"{'selector': SelectFromModel(estimator=ElasticNet(alpha=0.05, l1_ratio=0.8, max_iter=20000,
                                     random_state=42)), 'model__min_samples_leaf': 2, 'model__max_features': 'sqrt', 'model__max_depth': 2}",,
ExtraTrees,47,1.1310064116952134,1.4743129784105102,0.15293679489427192,"{'selector__k': 'all', 'selector': SelectKBest(score_func=<function mutual_info_regression at 0x000001FCBE703380>), 'model__min_samples_leaf': 4, 'model__max_features': 'sqrt', 'model__max_depth': None}",,
ExtraTrees,48,1.26578498507665,1.5331479042800515,-1.2884336444760187,"{'selector__k': 10, 'selector': SelectKBest(score_func=<function mutual_info_regression at 0x000001FCBE703380>), 'model__min_samples_leaf': 4, 'model__max_features': 'sqrt', 'model__max_depth': None}",,
ExtraTrees,49,1.7039225216712044,1.886483772325218,-1.1552807958122338,"{'selector__k': 'all', 'selector': SelectKBest(score_func=<function mutual_info_regression at 0x000001FCBE703380>), 'model__min_samples_leaf': 2, 'model__max_features': 'sqrt', 'model__max_depth': 2}",,
ExtraTrees,50,1.46501983645984,1.6461736263712197,-3.936577523257741,"{'selector__k': 'all', 'selector': SelectKBest(score_func=<function mutual_info_regression at 0x000001FCBE703380>), 'model__min_samples_leaf': 2, 'model__max_features': 'sqrt', 'model__max_depth': None}",,
ExtraTrees,51,1.2151802121664683,1.3370858416892535,-0.058494422211263775,"{'selector__k': 10, 'selector': SelectKBest(score_func=<function mutual_info_regression at 0x000001FCBE703380>), 'model__min_samples_leaf': 4, 'model__max_features': 'sqrt', 'model__max_depth': None}",,
ExtraTrees,52,1.5854253083626861,2.2889784824596857,0.09141024035694312,"{'selector__k': 'all', 'selector': SelectKBest(score_func=<function mutual_info_regression at 0x000001FCBE703380>), 'model__min_samples_leaf': 2, 'model__max_features': 'sqrt', 'model__max_depth': 2}",,
ExtraTrees,53,0.9764567825160014,1.206907318633654,0.5707528908819721,"{'selector__k': 10, 'selector': SelectKBest(score_func=<function mutual_info_regression at 0x000001FCBE703380>), 'model__min_samples_leaf': 2, 'model__max_features': 'sqrt', 'model__max_depth': 2}",,
ExtraTrees,54,1.674099797663274,1.9272654904005504,-0.6755512231376295,"{'selector__k': 10, 'selector': SelectKBest(score_func=<function mutual_info_regression at 0x000001FCBE703380>), 'model__min_samples_leaf': 2, 'model__max_features': 'sqrt', 'model__max_depth': 2}",,
ExtraTrees,55,1.2872119676553984,1.5577307607427178,-0.5202569068469354,"{'selector__k': 'all', 'selector': SelectKBest(score_func=<function mutual_info_regression at 0x000001FCBE703380>), 'model__min_samples_leaf': 2, 'model__max_features': 'sqrt', 'model__max_depth': 2}",,
ExtraTrees,56,2.028496638173744,2.4300552506332878,-0.19524739105811384,"{'selector__k': 'all', 'selector': SelectKBest(score_func=<function mutual_info_regression at 0x000001FCBE703380>), 'model__min_samples_leaf': 4, 'model__max_features': 'sqrt', 'model__max_depth': 2}",,
ExtraTrees,57,0.7646876603836004,0.8664150440541422,0.22879175656137396,"{'selector__k': 'all', 'selector': SelectKBest(score_func=<function mutual_info_regression at 0x000001FCBE703380>), 'model__min_samples_leaf': 2, 'model__max_features': 'sqrt', 'model__max_depth': None}",,
ExtraTrees,58,1.2225892316654263,1.522781700190819,0.07842408047866434,"{'selector__k': 10, 'selector': SelectKBest(score_func=<function mutual_info_regression at 0x000001FCBE703380>), 'model__min_samples_leaf': 4, 'model__max_features': 'sqrt', 'model__max_depth': None}",,
ExtraTrees,59,1.682572719356261,1.6897924130304578,-0.21292225476569482,"{'selector__k': 'all', 'selector': SelectKBest(score_func=<function mutual_info_regression at 0x000001FCBE703380>), 'model__min_samples_leaf': 2, 'model__max_features': 'sqrt', 'model__max_depth': None}",,
ExtraTrees,60,1.3190661733906508,1.6412967489936041,0.35493185833490204,"{'selector__k': 'all', 'selector': SelectKBest(score_func=<function mutual_info_regression at 0x000001FCBE703380>), 'model__min_samples_leaf': 2, 'model__max_features': 'sqrt', 'model__max_depth': None}",,
ExtraTrees,61,0.9705273507590177,1.1522986770949672,0.029066717449875767,"{'selector__k': 10, 'selector': SelectKBest(score_func=<function mutual_info_regression at 0x000001FCBE703380>), 'model__min_samples_leaf': 2, 'model__max_features': 'sqrt', 'model__max_depth': None}",,
ExtraTrees,62,1.4630900830058151,1.6927417680562529,-0.400880218356362,"{'selector__k': 'all', 'selector': SelectKBest(score_func=<function mutual_info_regression at 0x000001FCBE703380>), 'model__min_samples_leaf': 4, 'model__max_features': 'sqrt', 'model__max_depth': None}",,
ExtraTrees,63,1.6791911030381463,1.8955968752804844,-0.3627467020801973,"{'selector': SelectFromModel(estimator=ElasticNet(alpha=0.05, l1_ratio=0.8, max_iter=20000,
                                     random_state=42)), 'model__min_samples_leaf': 2, 'model__max_features': 'sqrt', 'model__max_depth': None}",,
ExtraTrees,64,1.4761341875343348,1.698397781293817,-0.06821818497405596,"{'selector__k': 10, 'selector': SelectKBest(score_func=<function mutual_info_regression at 0x000001FCBE703380>), 'model__min_samples_leaf': 4, 'model__max_features': 'sqrt', 'model__max_depth': 2}",,
ExtraTrees,65,1.70961828857645,2.2358982253056205,0.27018980699248674,"{'selector__k': 'all', 'selector': SelectKBest(score_func=<function mutual_info_regression at 0x000001FCBE703380>), 'model__min_samples_leaf': 2, 'model__max_features': 'sqrt', 'model__max_depth': 2}",,
ExtraTrees,66,1.0902494903725843,1.218707782155054,0.201834755942495,"{'selector__k': 10, 'selector': SelectKBest(score_func=<function mutual_info_regression at 0x000001FCBE703380>), 'model__min_samples_leaf': 2, 'model__max_features': 'sqrt', 'model__max_depth': 2}",,
ExtraTrees,67,1.729520315580584,2.2343492689629496,0.18770222309427465,"{'selector__k': 'all', 'selector': SelectKBest(score_func=<function mutual_info_regression at 0x000001FCBE703380>), 'model__min_samples_leaf': 4, 'model__max_features': 'sqrt', 'model__max_depth': None}",,
ExtraTrees,68,1.710063185396778,1.8204741375205067,0.2262355882021605,"{'selector__k': 10, 'selector': SelectKBest(score_func=<function mutual_info_regression at 0x000001FCBE703380>), 'model__min_samples_leaf': 4, 'model__max_features': 'sqrt', 'model__max_depth': 2}",,
ExtraTrees,69,0.9883968948412698,1.2689267421788324,0.4479287849510222,"{'selector__k': 'all', 'selector': SelectKBest(score_func=<function mutual_info_regression at 0x000001FCBE703380>), 'model__min_samples_leaf': 2, 'model__max_features': 'sqrt', 'model__max_depth': None}",,
ExtraTrees,70,1.1743303673823526,1.6190095425865398,-1.2758941819847882,"{'selector__k': 10, 'selector': SelectKBest(score_func=<function mutual_info_regression at 0x000001FCBE703380>), 'model__min_samples_leaf': 2, 'model__max_features': 'sqrt', 'model__max_depth': 2}",,
ExtraTrees,71,1.1305275673722952,1.341953771745447,0.4423313709671952,"{'selector__k': 'all', 'selector': SelectKBest(score_func=<function mutual_info_regression at 0x000001FCBE703380>), 'model__min_samples_leaf': 4, 'model__max_features': 'sqrt', 'model__max_depth': 2}",,
ExtraTrees,72,1.9838563798667337,2.3411845723783826,0.20059963188600016,"{'selector__k': 'all', 'selector': SelectKBest(score_func=<function mutual_info_regression at 0x000001FCBE703380>), 'model__min_samples_leaf': 2, 'model__max_features': 'sqrt', 'model__max_depth': 2}",,
ExtraTrees,73,1.0938699487487027,1.304824597157716,-0.22667567520577148,"{'selector__k': 10, 'selector': SelectKBest(score_func=<function mutual_info_regression at 0x000001FCBE703380>), 'model__min_samples_leaf': 2, 'model__max_features': 'sqrt', 'model__max_depth': None}",,
ExtraTrees,74,1.4249325079603359,1.8121302897632237,0.06169177626874178,"{'selector__k': 'all', 'selector': SelectKBest(score_func=<function mutual_info_regression at 0x000001FCBE703380>), 'model__min_samples_leaf': 4, 'model__max_features': 'sqrt', 'model__max_depth': None}",,
ExtraTrees,75,0.6486541650672998,0.8225728791575739,0.3941469223277465,"{'selector__k': 10, 'selector': SelectKBest(score_func=<function mutual_info_regression at 0x000001FCBE703380>), 'model__min_samples_leaf': 2, 'model__max_features': 'sqrt', 'model__max_depth': None}",,
ExtraTrees,76,1.7009236226939815,2.089288415406907,-2.010121914472052,"{'selector__k': 10, 'selector': SelectKBest(score_func=<function mutual_info_regression at 0x000001FCBE703380>), 'model__min_samples_leaf': 4, 'model__max_features': 'sqrt', 'model__max_depth': None}",,
ExtraTrees,77,2.1367635045849447,2.6355552493205043,-1.6961917879076975,"{'selector__k': 'all', 'selector': SelectKBest(score_func=<function mutual_info_regression at 0x000001FCBE703380>), 'model__min_samples_leaf': 4, 'model__max_features': 'sqrt', 'model__max_depth': 2}",,
ExtraTrees,78,0.8607688100749552,1.236764247205472,0.29690407805490004,"{'selector__k': 'all', 'selector': SelectKBest(score_func=<function mutual_info_regression at 0x000001FCBE703380>), 'model__min_samples_leaf': 2, 'model__max_features': 'sqrt', 'model__max_depth': None}",,
ExtraTrees,79,1.3488342660673949,1.7439690974946247,0.22611916417296984,"{'selector': SelectFromModel(estimator=ElasticNet(alpha=0.05, l1_ratio=0.8, max_iter=20000,
                                     random_state=42)), 'model__min_samples_leaf': 2, 'model__max_features': 'sqrt', 'model__max_depth': None}",,
ExtraTrees,80,1.2461448328179197,1.5366919117506717,-1.12771286814066,"{'selector__k': 10, 'selector': SelectKBest(score_func=<function mutual_info_regression at 0x000001FCBE703380>), 'model__min_samples_leaf': 2, 'model__max_features': 'sqrt', 'model__max_depth': None}",,
ExtraTrees,81,1.298829843159486,1.707238227712676,0.28033654641690786,"{'selector__k': 'all', 'selector': SelectKBest(score_func=<function mutual_info_regression at 0x000001FCBE703380>), 'model__min_samples_leaf': 2, 'model__max_features': 'sqrt', 'model__max_depth': None}",,
ExtraTrees,82,0.9660012604084356,1.1125537686648368,0.35363555171606487,"{'selector__k': 10, 'selector': SelectKBest(score_func=<function mutual_info_regression at 0x000001FCBE703380>), 'model__min_samples_leaf': 4, 'model__max_features': 'sqrt', 'model__max_depth': None}",,
ExtraTrees,83,1.68852430629187,2.1873348114234163,0.3139174582291747,"{'selector__k': 'all', 'selector': SelectKBest(score_func=<function mutual_info_regression at 0x000001FCBE703380>), 'model__min_samples_leaf': 2, 'model__max_features': 'sqrt', 'model__max_depth': 2}",,
ExtraTrees,84,1.6892900958994705,1.8474355527823791,-3.1168349732714766,"{'selector__k': 'all', 'selector': SelectKBest(score_func=<function mutual_info_regression at 0x000001FCBE703380>), 'model__min_samples_leaf': 2, 'model__max_features': 'sqrt', 'model__max_depth': None}",,
ExtraTrees,85,1.3500081874253198,1.4669115280034994,-0.016731388580111695,"{'selector__k': 'all', 'selector': SelectKBest(score_func=<function mutual_info_regression at 0x000001FCBE703380>), 'model__min_samples_leaf': 4, 'model__max_features': 'sqrt', 'model__max_depth': None}",,
ExtraTrees,86,1.7113091375599139,1.9002565040227768,-1.8004364562898711,"{'selector': SelectFromModel(estimator=ElasticNet(alpha=0.05, l1_ratio=0.8, max_iter=20000,
                                     random_state=42)), 'model__min_samples_leaf': 2, 'model__max_features': 'sqrt', 'model__max_depth': None}",,
ExtraTrees,87,1.5689981911424238,1.7420388280137487,-0.09785666008107552,"{'selector__k': 10, 'selector': SelectKBest(score_func=<function mutual_info_regression at 0x000001FCBE703380>), 'model__min_samples_leaf': 4, 'model__max_features': 'sqrt', 'model__max_depth': 2}",,
ExtraTrees,88,1.9950462506372748,2.42130636784027,0.170508762613509,"{'selector': SelectFromModel(estimator=ElasticNet(alpha=0.05, l1_ratio=0.8, max_iter=20000,
                                     random_state=42)), 'model__min_samples_leaf': 2, 'model__max_features': 'sqrt', 'model__max_depth': 2}",,
ExtraTrees,89,0.9856426405627358,1.1973771971798506,0.4060358627815377,"{'selector__k': 10, 'selector': SelectKBest(score_func=<function mutual_info_regression at 0x000001FCBE703380>), 'model__min_samples_leaf': 2, 'model__max_features': 'sqrt', 'model__max_depth': None}",,
ExtraTrees,90,0.9259846702897322,1.2727843517059507,0.4134048580462838,"{'selector': SelectFromModel(estimator=ElasticNet(alpha=0.05, l1_ratio=0.8, max_iter=20000,
                                     random_state=42)), 'model__min_samples_leaf': 2, 'model__max_features': 'sqrt', 'model__max_depth': 2}",,
ExtraTrees,91,1.3863571747693986,1.5641678021719856,0.42588272108489034,"{'selector__k': 'all', 'selector': SelectKBest(score_func=<function mutual_info_regression at 0x000001FCBE703380>), 'model__min_samples_leaf': 4, 'model__max_features': 'sqrt', 'model__max_depth': None}",,
ExtraTrees,92,1.1510960856158303,1.4354794522763592,0.264362606999498,"{'selector__k': 'all', 'selector': SelectKBest(score_func=<function mutual_info_regression at 0x000001FCBE703380>), 'model__min_samples_leaf': 2, 'model__max_features': 'sqrt', 'model__max_depth': 2}",,
ExtraTrees,93,1.1665154691570667,1.604659223674578,-0.4870693073732826,"{'selector__k': 10, 'selector': SelectKBest(score_func=<function mutual_info_regression at 0x000001FCBE703380>), 'model__min_samples_leaf': 2, 'model__max_features': 'sqrt', 'model__max_depth': None}",,
ExtraTrees,94,1.1893468246992558,1.4928002313708273,-0.005033292648181753,"{'selector__k': 'all', 'selector': SelectKBest(score_func=<function mutual_info_regression at 0x000001FCBE703380>), 'model__min_samples_leaf': 4, 'model__max_features': 'sqrt', 'model__max_depth': 2}",,
ExtraTrees,95,1.691693926620631,1.924571074153148,0.24566007797394585,"{'selector__k': 10, 'selector': SelectKBest(score_func=<function mutual_info_regression at 0x000001FCBE703380>), 'model__min_samples_leaf': 2, 'model__max_features': 'sqrt', 'model__max_depth': None}",,
ExtraTrees,96,2.0702328479418175,2.425781994954052,0.014590592906796207,"{'selector__k': 'all', 'selector': SelectKBest(score_func=<function mutual_info_regression at 0x000001FCBE703380>), 'model__min_samples_leaf': 4, 'model__max_features': 'sqrt', 'model__max_depth': None}",,
ExtraTrees,97,1.5884575410646495,1.7995432325232399,0.17806719296440532,"{'selector__n_features_to_select': 10, 'selector': RFE(estimator=Ridge(), step=0.25), 'model__min_samples_leaf': 2, 'model__max_features': 'sqrt', 'model__max_depth': None}",,
ExtraTrees,98,0.6402342709900103,0.7933427480542676,0.5305621341916447,"{'selector__k': 'all', 'selector': SelectKBest(score_func=<function mutual_info_regression at 0x000001FCBE703380>), 'model__min_samples_leaf': 2, 'model__max_features': 'sqrt', 'model__max_depth': 2}",,
ExtraTrees,99,1.9226235861152248,2.189951405970966,-8.332537177216842,"{'selector__k': 10, 'selector': SelectKBest(score_func=<function mutual_info_regression at 0x000001FCBE703380>), 'model__min_samples_leaf': 2, 'model__max_features': 'sqrt', 'model__max_depth': 2}",,
ExtraTrees,100,1.0412976372517744,1.3638727984228567,0.1217581113488907,"{'selector__k': 10, 'selector': SelectKBest(score_func=<function mutual_info_regression at 0x000001FCBE703380>), 'model__min_samples_leaf': 2, 'model__max_features': 'sqrt', 'model__max_depth': None}",,
ExtraTrees,OOF_SUMMARY,1.4761176777871037,1.8334734134409847,0.041264977394736335,"{'selector__k': 'all', 'selector': SelectKBest(score_func=<function mutual_info_regression at 0x000001FCBE703380>), 'model__min_samples_leaf': 2, 'model__max_features': 'sqrt', 'model__max_depth': None}",0.23533724340175952,"{'selector__k': 'all', 'selector': SelectKBest(score_func=<function mutual_info_regression at 0x000001FCBE703380>), 'model__min_samples_leaf': 2, 'model__max_features': 'sqrt', 'model__max_depth': None}"
GradientBoosting,1,1.6800102479887207,1.906765301684018,0.19221911368571565,"{'selector__k': 10, 'selector': SelectKBest(score_func=<function mutual_info_regression at 0x000001FCBE703380>), 'model__subsample': 0.8, 'model__n_estimators': 100, 'model__max_depth': 2, 'model__learning_rate': 0.03}",,
GradientBoosting,2,1.2601898443030808,1.4985262520816773,0.017593149193429025,"{'selector__n_features_to_select': 10, 'selector': RFE(estimator=Ridge(), step=0.25), 'model__subsample': 0.8, 'model__n_estimators': 50, 'model__max_depth': 1, 'model__learning_rate': 0.03}",,
GradientBoosting,3,0.6947352240287175,0.9513647609445103,0.3988665172671658,"{'selector__k': 'all', 'selector': SelectKBest(score_func=<function mutual_info_regression at 0x000001FCBE703380>), 'model__subsample': 0.8, 'model__n_estimators': 100, 'model__max_depth': 2, 'model__learning_rate': 0.03}",,
GradientBoosting,4,1.2243315781434756,1.587704927248909,-3.168601876546293,"{'selector__k': 10, 'selector': SelectKBest(score_func=<function mutual_info_regression at 0x000001FCBE703380>), 'model__subsample': 0.8, 'model__n_estimators': 100, 'model__max_depth': 1, 'model__learning_rate': 0.08}",,
GradientBoosting,5,1.270879083052133,1.6389705267614394,0.39622923437948954,"{'selector__k': 'all', 'selector': SelectKBest(score_func=<function mutual_info_regression at 0x000001FCBE703380>), 'model__subsample': 0.8, 'model__n_estimators': 100, 'model__max_depth': 2, 'model__learning_rate': 0.08}",,
GradientBoosting,6,1.598365012245884,1.7984044172270464,0.19526669046500045,"{'selector__n_features_to_select': 10, 'selector': RFE(estimator=Ridge(), step=0.25), 'model__subsample': 0.8, 'model__n_estimators': 50, 'model__max_depth': 2, 'model__learning_rate': 0.03}",,
GradientBoosting,7,0.7721876756800707,0.9535674423239722,0.5048765027982147,"{'selector': SelectFromModel(estimator=ElasticNet(alpha=0.05, l1_ratio=0.8, max_iter=20000,
                                     random_state=42)), 'model__subsample': 0.8, 'model__n_estimators': 50, 'model__max_depth': 2, 'model__learning_rate': 0.03}",,
GradientBoosting,8,1.1685478517417638,1.563604989204672,-1.688378600567717,"{'selector__k': 10, 'selector': SelectKBest(score_func=<function mutual_info_regression at 0x000001FCBE703380>), 'model__subsample': 0.8, 'model__n_estimators': 50, 'model__max_depth': 1, 'model__learning_rate': 0.08}",,
GradientBoosting,9,1.4487953367610622,1.5779026128573979,-0.19593575402053154,"{'selector__k': 'all', 'selector': SelectKBest(score_func=<function mutual_info_regression at 0x000001FCBE703380>), 'model__subsample': 0.8, 'model__n_estimators': 100, 'model__max_depth': 2, 'model__learning_rate': 0.08}",,
GradientBoosting,10,1.9568521677788508,2.4049111110304513,0.10695411735730664,"{'selector__k': 10, 'selector': SelectKBest(score_func=<function mutual_info_regression at 0x000001FCBE703380>), 'model__subsample': 0.8, 'model__n_estimators': 100, 'model__max_depth': 1, 'model__learning_rate': 0.03}",,
GradientBoosting,11,1.8748801195082196,2.040988621153481,-0.3922936438165392,"{'selector__k': 'all', 'selector': SelectKBest(score_func=<function mutual_info_regression at 0x000001FCBE703380>), 'model__subsample': 0.8, 'model__n_estimators': 50, 'model__max_depth': 1, 'model__learning_rate': 0.03}",,
GradientBoosting,12,1.8671364606779466,2.127055902503093,-2.3731294379089065,"{'selector__k': 10, 'selector': SelectKBest(score_func=<function mutual_info_regression at 0x000001FCBE703380>), 'model__subsample': 0.8, 'model__n_estimators': 100, 'model__max_depth': 2, 'model__learning_rate': 0.08}",,
GradientBoosting,13,0.7613961697585121,0.8885536565726571,0.502748492641435,"{'selector__k': 10, 'selector': SelectKBest(score_func=<function mutual_info_regression at 0x000001FCBE703380>), 'model__subsample': 0.8, 'model__n_estimators': 50, 'model__max_depth': 2, 'model__learning_rate': 0.03}",,
GradientBoosting,14,1.2951909331977982,2.036355387623097,0.3689883277117433,"{'selector__n_features_to_select': 10, 'selector': RFE(estimator=Ridge(), step=0.25), 'model__subsample': 0.8, 'model__n_estimators': 100, 'model__max_depth': 2, 'model__learning_rate': 0.03}",,
GradientBoosting,15,1.9433290902769018,2.0863034058405363,-2.6212394338279568,"{'selector__k': 'all', 'selector': SelectKBest(score_func=<function mutual_info_regression at 0x000001FCBE703380>), 'model__subsample': 0.8, 'model__n_estimators': 100, 'model__max_depth': 2, 'model__learning_rate': 0.03}",,
GradientBoosting,16,0.7981812505945091,0.9711362471879447,0.45814345304045034,"{'selector__n_features_to_select': 10, 'selector': RFE(estimator=Ridge(), step=0.25), 'model__subsample': 0.8, 'model__n_estimators': 50, 'model__max_depth': 2, 'model__learning_rate': 0.03}",,
GradientBoosting,17,1.884449804270151,2.1355250768438525,0.32758494528868076,"{'selector__k': 10, 'selector': SelectKBest(score_func=<function mutual_info_regression at 0x000001FCBE703380>), 'model__subsample': 0.8, 'model__n_estimators': 50, 'model__max_depth': 1, 'model__learning_rate': 0.08}",,
GradientBoosting,18,1.4855302004220416,1.6757480167928545,-0.03009031676624163,"{'selector__k': 'all', 'selector': SelectKBest(score_func=<function mutual_info_regression at 0x000001FCBE703380>), 'model__subsample': 0.8, 'model__n_estimators': 100, 'model__max_depth': 2, 'model__learning_rate': 0.03}",,
GradientBoosting,19,1.68157045837738,1.9907811931757806,-0.9893462824603398,"{'selector__n_features_to_select': 10, 'selector': RFE(estimator=Ridge(), step=0.25), 'model__subsample': 0.8, 'model__n_estimators': 100, 'model__max_depth': 2, 'model__learning_rate': 0.03}",,
GradientBoosting,20,2.466503061604253,2.818214553377152,-1.306971246401846,"{'selector__k': 'all', 'selector': SelectKBest(score_func=<function mutual_info_regression at 0x000001FCBE703380>), 'model__subsample': 0.8, 'model__n_estimators': 100, 'model__max_depth': 2, 'model__learning_rate': 0.03}",,
GradientBoosting,21,0.7873782744466752,1.048023141873035,-0.03789611620987188,"{'selector__k': 10, 'selector': SelectKBest(score_func=<function mutual_info_regression at 0x000001FCBE703380>), 'model__subsample': 0.8, 'model__n_estimators': 50, 'model__max_depth': 2, 'model__learning_rate': 0.03}",,
GradientBoosting,22,1.7014785710774252,2.0619849393918166,0.138765563110254,"{'selector__k': 'all', 'selector': SelectKBest(score_func=<function mutual_info_regression at 0x000001FCBE703380>), 'model__subsample': 0.8, 'model__n_estimators': 100, 'model__max_depth': 2, 'model__learning_rate': 0.08}",,
GradientBoosting,23,1.603424164548538,1.8593631719713029,0.14163330988134093,"{'selector__k': 10, 'selector': SelectKBest(score_func=<function mutual_info_regression at 0x000001FCBE703380>), 'model__subsample': 0.8, 'model__n_estimators': 50, 'model__max_depth': 2, 'model__learning_rate': 0.03}",,
GradientBoosting,24,1.2853746686272058,1.7113337727697528,-0.36777506121770664,"{'selector__k': 10, 'selector': SelectKBest(score_func=<function mutual_info_regression at 0x000001FCBE703380>), 'model__subsample': 0.8, 'model__n_estimators': 50, 'model__max_depth': 2, 'model__learning_rate': 0.03}",,
GradientBoosting,25,0.871819634372517,0.9968314295206736,0.5963369266062685,"{'selector__n_features_to_select': 10, 'selector': RFE(estimator=Ridge(), step=0.25), 'model__subsample': 0.8, 'model__n_estimators': 50, 'model__max_depth': 2, 'model__learning_rate': 0.03}",,
GradientBoosting,26,1.2665998389278954,1.4819861132558005,0.06361618892883536,"{'selector__k': 'all', 'selector': SelectKBest(score_func=<function mutual_info_regression at 0x000001FCBE703380>), 'model__subsample': 0.8, 'model__n_estimators': 100, 'model__max_depth': 1, 'model__learning_rate': 0.03}",,
GradientBoosting,27,0.9831191775544861,1.6659393838270429,-1.476735632799409,"{'selector__k': 'all', 'selector': SelectKBest(score_func=<function mutual_info_regression at 0x000001FCBE703380>), 'model__subsample': 0.8, 'model__n_estimators': 100, 'model__max_depth': 2, 'model__learning_rate': 0.08}",,
GradientBoosting,28,0.6713558316483789,1.0034657766026454,0.38838951153640977,"{'selector__k': 'all', 'selector': SelectKBest(score_func=<function mutual_info_regression at 0x000001FCBE703380>), 'model__subsample': 0.8, 'model__n_estimators': 100, 'model__max_depth': 1, 'model__learning_rate': 0.03}",,
GradientBoosting,29,1.6809169415021812,2.0410211838834367,0.37107312515402746,"{'selector__k': 10, 'selector': SelectKBest(score_func=<function mutual_info_regression at 0x000001FCBE703380>), 'model__subsample': 0.8, 'model__n_estimators': 50, 'model__max_depth': 2, 'model__learning_rate': 0.03}",,
GradientBoosting,30,1.2876180699947568,1.5603803130145177,0.4740456917511151,"{'selector__k': 10, 'selector': SelectKBest(score_func=<function mutual_info_regression at 0x000001FCBE703380>), 'model__subsample': 0.8, 'model__n_estimators': 100, 'model__max_depth': 2, 'model__learning_rate': 0.03}",,
GradientBoosting,31,1.1037813454723142,1.314944549552582,0.4149469379318059,"{'selector__k': 10, 'selector': SelectKBest(score_func=<function mutual_info_regression at 0x000001FCBE703380>), 'model__subsample': 0.8, 'model__n_estimators': 50, 'model__max_depth': 1, 'model__learning_rate': 0.03}",,
GradientBoosting,32,0.8069090732452572,1.1272956828459622,0.10378203439198619,"{'selector__n_features_to_select': 10, 'selector': RFE(estimator=Ridge(), step=0.25), 'model__subsample': 0.8, 'model__n_estimators': 50, 'model__max_depth': 2, 'model__learning_rate': 0.08}",,
GradientBoosting,33,1.6453462494813795,1.980911709328044,0.05208545399000164,"{'selector__k': 'all', 'selector': SelectKBest(score_func=<function mutual_info_regression at 0x000001FCBE703380>), 'model__subsample': 0.8, 'model__n_estimators': 50, 'model__max_depth': 2, 'model__learning_rate': 0.03}",,
GradientBoosting,34,1.8644273016231878,2.431050045791094,-0.1219911911050593,"{'selector__n_features_to_select': 10, 'selector': RFE(estimator=Ridge(), step=0.25), 'model__subsample': 0.8, 'model__n_estimators': 50, 'model__max_depth': 1, 'model__learning_rate': 0.08}",,
GradientBoosting,35,1.6445217142189266,2.0725047620936645,-2.702174740671879,"{'selector__k': 'all', 'selector': SelectKBest(score_func=<function mutual_info_regression at 0x000001FCBE703380>), 'model__subsample': 0.8, 'model__n_estimators': 50, 'model__max_depth': 2, 'model__learning_rate': 0.08}",,
GradientBoosting,36,1.7296650718584965,2.1759430646426443,0.15273600264200327,"{'selector__k': 10, 'selector': SelectKBest(score_func=<function mutual_info_regression at 0x000001FCBE703380>), 'model__subsample': 0.8, 'model__n_estimators': 100, 'model__max_depth': 1, 'model__learning_rate': 0.08}",,
GradientBoosting,37,1.4064654356666566,1.8050933636701227,-0.1595043074480702,"{'selector': SelectFromModel(estimator=ElasticNet(alpha=0.05, l1_ratio=0.8, max_iter=20000,
                                     random_state=42)), 'model__subsample': 0.8, 'model__n_estimators': 100, 'model__max_depth': 2, 'model__learning_rate': 0.03}",,
GradientBoosting,38,1.5817051786305871,1.7284121755965944,-0.6505274222532897,"{'selector': SelectFromModel(estimator=ElasticNet(alpha=0.05, l1_ratio=0.8, max_iter=20000,
                                     random_state=42)), 'model__subsample': 0.8, 'model__n_estimators': 50, 'model__max_depth': 1, 'model__learning_rate': 0.03}",,
GradientBoosting,39,0.6053685644692189,0.7641951900127043,0.29155233663522273,"{'selector__k': 10, 'selector': SelectKBest(score_func=<function mutual_info_regression at 0x000001FCBE703380>), 'model__subsample': 0.8, 'model__n_estimators': 100, 'model__max_depth': 2, 'model__learning_rate': 0.03}",,
GradientBoosting,40,1.8597530517203633,2.0545667689622165,-1.356191924034817,"{'selector__n_features_to_select': 10, 'selector': RFE(estimator=Ridge(), step=0.25), 'model__subsample': 0.8, 'model__n_estimators': 50, 'model__max_depth': 2, 'model__learning_rate': 0.03}",,
GradientBoosting,41,1.3169803992220988,1.7860809448185977,-0.22210569477736009,"{'selector': SelectFromModel(estimator=ElasticNet(alpha=0.05, l1_ratio=0.8, max_iter=20000,
                                     random_state=42)), 'model__subsample': 0.8, 'model__n_estimators': 50, 'model__max_depth': 1, 'model__learning_rate': 0.03}",,
GradientBoosting,42,0.7987333765023231,1.104047378525937,0.12887693914885956,"{'selector__n_features_to_select': 10, 'selector': RFE(estimator=Ridge(), step=0.25), 'model__subsample': 0.8, 'model__n_estimators': 100, 'model__max_depth': 2, 'model__learning_rate': 0.03}",,
GradientBoosting,43,2.467696064326645,2.793045929698517,0.12131696460376518,"{'selector': SelectFromModel(estimator=ElasticNet(alpha=0.05, l1_ratio=0.8, max_iter=20000,
                                     random_state=42)), 'model__subsample': 0.8, 'model__n_estimators': 50, 'model__max_depth': 1, 'model__learning_rate': 0.03}",,
GradientBoosting,44,0.9841890294463265,1.5055416623890308,-0.07103276026558114,"{'selector__k': 'all', 'selector': SelectKBest(score_func=<function mutual_info_regression at 0x000001FCBE703380>), 'model__subsample': 0.8, 'model__n_estimators': 100, 'model__max_depth': 2, 'model__learning_rate': 0.08}",,
GradientBoosting,45,1.516602720832327,1.8882802344205165,-3.95740364494607,"{'selector__k': 10, 'selector': SelectKBest(score_func=<function mutual_info_regression at 0x000001FCBE703380>), 'model__subsample': 0.8, 'model__n_estimators': 50, 'model__max_depth': 2, 'model__learning_rate': 0.03}",,
GradientBoosting,46,1.6809320052234518,2.032847029074659,0.3201149910310378,"{'selector__k': 'all', 'selector': SelectKBest(score_func=<function mutual_info_regression at 0x000001FCBE703380>), 'model__subsample': 0.8, 'model__n_estimators': 50, 'model__max_depth': 2, 'model__learning_rate': 0.08}",,
GradientBoosting,47,1.1330326314892614,1.6074787210130927,-0.006994051719352967,"{'selector__k': 'all', 'selector': SelectKBest(score_func=<function mutual_info_regression at 0x000001FCBE703380>), 'model__subsample': 0.8, 'model__n_estimators': 50, 'model__max_depth': 1, 'model__learning_rate': 0.08}",,
GradientBoosting,48,1.457205799931188,1.6904908485274723,-1.7822481663055445,"{'selector__k': 'all', 'selector': SelectKBest(score_func=<function mutual_info_regression at 0x000001FCBE703380>), 'model__subsample': 0.8, 'model__n_estimators': 50, 'model__max_depth': 1, 'model__learning_rate': 0.03}",,
GradientBoosting,49,1.9341113291848213,2.0673780630297465,-1.5884365230344244,"{'selector__k': 10, 'selector': SelectKBest(score_func=<function mutual_info_regression at 0x000001FCBE703380>), 'model__subsample': 0.8, 'model__n_estimators': 50, 'model__max_depth': 1, 'model__learning_rate': 0.03}",,
GradientBoosting,50,1.6463096551388776,2.1001457652012534,-7.034772054014114,"{'selector__k': 'all', 'selector': SelectKBest(score_func=<function mutual_info_regression at 0x000001FCBE703380>), 'model__subsample': 0.8, 'model__n_estimators': 100, 'model__max_depth': 2, 'model__learning_rate': 0.03}",,
GradientBoosting,51,1.1238126478130888,1.3485910755178565,-0.07678886598411272,"{'selector__k': 'all', 'selector': SelectKBest(score_func=<function mutual_info_regression at 0x000001FCBE703380>), 'model__subsample': 0.8, 'model__n_estimators': 100, 'model__max_depth': 1, 'model__learning_rate': 0.03}",,
GradientBoosting,52,1.7997502235378489,2.239542138969636,0.13023306303967963,"{'selector__k': 'all', 'selector': SelectKBest(score_func=<function mutual_info_regression at 0x000001FCBE703380>), 'model__subsample': 0.8, 'model__n_estimators': 100, 'model__max_depth': 2, 'model__learning_rate': 0.08}",,
GradientBoosting,53,0.8224396762513876,0.9847981725550446,0.7142054087799032,"{'selector__n_features_to_select': 10, 'selector': RFE(estimator=Ridge(), step=0.25), 'model__subsample': 0.8, 'model__n_estimators': 50, 'model__max_depth': 2, 'model__learning_rate': 0.03}",,
GradientBoosting,54,1.5205002732978803,1.596926835573065,-0.15038883294137406,"{'selector__n_features_to_select': 10, 'selector': RFE(estimator=Ridge(), step=0.25), 'model__subsample': 0.8, 'model__n_estimators': 50, 'model__max_depth': 2, 'model__learning_rate': 0.03}",,
GradientBoosting,55,1.3852786055811397,1.9394106494233305,-1.356523337469707,"{'selector': SelectFromModel(estimator=ElasticNet(alpha=0.05, l1_ratio=0.8, max_iter=20000,
                                     random_state=42)), 'model__subsample': 0.8, 'model__n_estimators': 100, 'model__max_depth': 2, 'model__learning_rate': 0.08}",,
GradientBoosting,56,1.876426800278148,2.3649012363193833,-0.13201328871995055,"{'selector__k': 'all', 'selector': SelectKBest(score_func=<function mutual_info_regression at 0x000001FCBE703380>), 'model__subsample': 0.8, 'model__n_estimators': 50, 'model__max_depth': 2, 'model__learning_rate': 0.03}",,
GradientBoosting,57,0.6137858414204963,0.7302481712589309,0.4521512815930202,"{'selector__k': 10, 'selector': SelectKBest(score_func=<function mutual_info_regression at 0x000001FCBE703380>), 'model__subsample': 0.8, 'model__n_estimators': 50, 'model__max_depth': 2, 'model__learning_rate': 0.08}",,
GradientBoosting,58,1.3582756314483906,1.6708002673631788,-0.1094427391554953,"{'selector__k': 'all', 'selector': SelectKBest(score_func=<function mutual_info_regression at 0x000001FCBE703380>), 'model__subsample': 0.8, 'model__n_estimators': 50, 'model__max_depth': 2, 'model__learning_rate': 0.03}",,
GradientBoosting,59,1.94765045227465,2.111093687507241,-0.8931336157259671,"{'selector__k': 'all', 'selector': SelectKBest(score_func=<function mutual_info_regression at 0x000001FCBE703380>), 'model__subsample': 0.8, 'model__n_estimators': 100, 'model__max_depth': 2, 'model__learning_rate': 0.03}",,
GradientBoosting,60,1.5256521706245625,1.857328339159813,0.17394541579959366,"{'selector__n_features_to_select': 10, 'selector': RFE(estimator=Ridge(), step=0.25), 'model__subsample': 0.8, 'model__n_estimators': 50, 'model__max_depth': 1, 'model__learning_rate': 0.03}",,
GradientBoosting,61,1.3487887322171044,1.7147295739547175,-1.1500597956093586,"{'selector__k': 'all', 'selector': SelectKBest(score_func=<function mutual_info_regression at 0x000001FCBE703380>), 'model__subsample': 0.8, 'model__n_estimators': 100, 'model__max_depth': 2, 'model__learning_rate': 0.08}",,
GradientBoosting,62,1.5955638557734964,1.8197555059447053,-0.6189955906193898,"{'selector__k': 10, 'selector': SelectKBest(score_func=<function mutual_info_regression at 0x000001FCBE703380>), 'model__subsample': 0.8, 'model__n_estimators': 50, 'model__max_depth': 2, 'model__learning_rate': 0.08}",,
GradientBoosting,63,1.7483515715894224,1.9002898977432903,-0.36950269294704907,"{'selector__n_features_to_select': 10, 'selector': RFE(estimator=Ridge(), step=0.25), 'model__subsample': 0.8, 'model__n_estimators': 50, 'model__max_depth': 1, 'model__learning_rate': 0.08}",,
GradientBoosting,64,1.3710134135140961,1.6829205530880864,-0.048837889911201415,"{'selector__k': 10, 'selector': SelectKBest(score_func=<function mutual_info_regression at 0x000001FCBE703380>), 'model__subsample': 0.8, 'model__n_estimators': 50, 'model__max_depth': 1, 'model__learning_rate': 0.03}",,
GradientBoosting,65,1.7919642950674672,2.2745920070018664,0.24471148710395219,"{'selector__k': 'all', 'selector': SelectKBest(score_func=<function mutual_info_regression at 0x000001FCBE703380>), 'model__subsample': 0.8, 'model__n_estimators': 50, 'model__max_depth': 1, 'model__learning_rate': 0.03}",,
GradientBoosting,66,1.3536520212725545,1.624920244211582,-0.4189194526052873,"{'selector': SelectFromModel(estimator=ElasticNet(alpha=0.05, l1_ratio=0.8, max_iter=20000,
                                     random_state=42)), 'model__subsample': 0.8, 'model__n_estimators': 100, 'model__max_depth': 2, 'model__learning_rate': 0.08}",,
GradientBoosting,67,1.8710540125628827,2.330493232684828,0.11629190607174322,"{'selector__k': 'all', 'selector': SelectKBest(score_func=<function mutual_info_regression at 0x000001FCBE703380>), 'model__subsample': 0.8, 'model__n_estimators': 100, 'model__max_depth': 1, 'model__learning_rate': 0.03}",,
GradientBoosting,68,1.5416815279656264,1.9965110173385687,0.06935693323093173,"{'selector__k': 'all', 'selector': SelectKBest(score_func=<function mutual_info_regression at 0x000001FCBE703380>), 'model__subsample': 0.8, 'model__n_estimators': 100, 'model__max_depth': 1, 'model__learning_rate': 0.08}",,
GradientBoosting,69,1.2014181996216313,1.4360779103243033,0.2929046074117482,"{'selector__n_features_to_select': 10, 'selector': RFE(estimator=Ridge(), step=0.25), 'model__subsample': 0.8, 'model__n_estimators': 100, 'model__max_depth': 1, 'model__learning_rate': 0.03}",,
GradientBoosting,70,0.8715166649586005,1.1944796748308624,-0.2388273276161712,"{'selector__n_features_to_select': 10, 'selector': RFE(estimator=Ridge(), step=0.25), 'model__subsample': 0.8, 'model__n_estimators': 100, 'model__max_depth': 1, 'model__learning_rate': 0.03}",,
GradientBoosting,71,1.3555359573942154,1.7894896772182949,0.00834752804693295,"{'selector__n_features_to_select': 10, 'selector': RFE(estimator=Ridge(), step=0.25), 'model__subsample': 0.8, 'model__n_estimators': 50, 'model__max_depth': 1, 'model__learning_rate': 0.08}",,
GradientBoosting,72,2.1345794866962597,2.465774879111459,0.11325268074627204,"{'selector__k': 10, 'selector': SelectKBest(score_func=<function mutual_info_regression at 0x000001FCBE703380>), 'model__subsample': 0.8, 'model__n_estimators': 100, 'model__max_depth': 1, 'model__learning_rate': 0.03}",,
GradientBoosting,73,1.1820927952053912,1.3361121481132734,-0.2862083029613405,"{'selector__k': 'all', 'selector': SelectKBest(score_func=<function mutual_info_regression at 0x000001FCBE703380>), 'model__subsample': 0.8, 'model__n_estimators': 50, 'model__max_depth': 2, 'model__learning_rate': 0.03}",,
GradientBoosting,74,1.4627792707934997,1.8351173588298602,0.03773570827641515,"{'selector__k': 10, 'selector': SelectKBest(score_func=<function mutual_info_regression at 0x000001FCBE703380>), 'model__subsample': 0.8, 'model__n_estimators': 50, 'model__max_depth': 1, 'model__learning_rate': 0.03}",,
GradientBoosting,75,0.8009695954879379,1.02123880928286,0.06615850719712324,"{'selector__k': 10, 'selector': SelectKBest(score_func=<function mutual_info_regression at 0x000001FCBE703380>), 'model__subsample': 0.8, 'model__n_estimators': 50, 'model__max_depth': 2, 'model__learning_rate': 0.03}",,
GradientBoosting,76,1.6769015312995104,1.9824587938769698,-1.7101643695902493,"{'selector__k': 10, 'selector': SelectKBest(score_func=<function mutual_info_regression at 0x000001FCBE703380>), 'model__subsample': 0.8, 'model__n_estimators': 100, 'model__max_depth': 1, 'model__learning_rate': 0.08}",,
GradientBoosting,77,2.207173737890161,2.687701230471625,-1.8039386836588216,"{'selector__k': 'all', 'selector': SelectKBest(score_func=<function mutual_info_regression at 0x000001FCBE703380>), 'model__subsample': 0.8, 'model__n_estimators': 100, 'model__max_depth': 1, 'model__learning_rate': 0.03}",,
GradientBoosting,78,1.0323227090064118,1.2870002933872824,0.2386260269353777,"{'selector__k': 'all', 'selector': SelectKBest(score_func=<function mutual_info_regression at 0x000001FCBE703380>), 'model__subsample': 0.8, 'model__n_estimators': 100, 'model__max_depth': 1, 'model__learning_rate': 0.03}",,
GradientBoosting,79,1.478153115893371,1.8726267784027921,0.10772447454047707,"{'selector__n_features_to_select': 10, 'selector': RFE(estimator=Ridge(), step=0.25), 'model__subsample': 0.8, 'model__n_estimators': 50, 'model__max_depth': 2, 'model__learning_rate': 0.03}",,
GradientBoosting,80,1.2730622831540945,1.8401722645914884,-2.0510994993120537,"{'selector__k': 'all', 'selector': SelectKBest(score_func=<function mutual_info_regression at 0x000001FCBE703380>), 'model__subsample': 0.8, 'model__n_estimators': 100, 'model__max_depth': 1, 'model__learning_rate': 0.08}",,
GradientBoosting,81,1.5470264599550152,2.057941696169332,-0.04570053034147947,"{'selector__k': 'all', 'selector': SelectKBest(score_func=<function mutual_info_regression at 0x000001FCBE703380>), 'model__subsample': 0.8, 'model__n_estimators': 50, 'model__max_depth': 2, 'model__learning_rate': 0.03}",,
GradientBoosting,82,0.5699730072369359,0.6517508459676798,0.7781810476406003,"{'selector__k': 10, 'selector': SelectKBest(score_func=<function mutual_info_regression at 0x000001FCBE703380>), 'model__subsample': 0.8, 'model__n_estimators': 50, 'model__max_depth': 2, 'model__learning_rate': 0.03}",,
GradientBoosting,83,1.4663444557335072,1.9080211261692326,0.47794988381624715,"{'selector__k': 10, 'selector': SelectKBest(score_func=<function mutual_info_regression at 0x000001FCBE703380>), 'model__subsample': 0.8, 'model__n_estimators': 50, 'model__max_depth': 2, 'model__learning_rate': 0.03}",,
GradientBoosting,84,1.4252085697955905,1.9357112527490266,-3.5196625821764878,"{'selector__k': 10, 'selector': SelectKBest(score_func=<function mutual_info_regression at 0x000001FCBE703380>), 'model__subsample': 0.8, 'model__n_estimators': 50, 'model__max_depth': 2, 'model__learning_rate': 0.08}",,
GradientBoosting,85,1.4318560925238575,1.4746107174084655,-0.02743217088600458,"{'selector__k': 10, 'selector': SelectKBest(score_func=<function mutual_info_regression at 0x000001FCBE703380>), 'model__subsample': 0.8, 'model__n_estimators': 50, 'model__max_depth': 1, 'model__learning_rate': 0.08}",,
GradientBoosting,86,1.4611510916404602,1.8518456426838974,-1.6595663863615964,"{'selector': SelectFromModel(estimator=ElasticNet(alpha=0.05, l1_ratio=0.8, max_iter=20000,
                                     random_state=42)), 'model__subsample': 0.8, 'model__n_estimators': 50, 'model__max_depth': 2, 'model__learning_rate': 0.08}",,
GradientBoosting,87,1.3900804515704974,1.7414166223100649,-0.09707255507226775,"{'selector__k': 'all', 'selector': SelectKBest(score_func=<function mutual_info_regression at 0x000001FCBE703380>), 'model__subsample': 0.8, 'model__n_estimators': 50, 'model__max_depth': 2, 'model__learning_rate': 0.03}",,
GradientBoosting,88,1.7509991253408959,2.3214054331065737,0.23754484109835317,"{'selector__k': 10, 'selector': SelectKBest(score_func=<function mutual_info_regression at 0x000001FCBE703380>), 'model__subsample': 0.8, 'model__n_estimators': 50, 'model__max_depth': 2, 'model__learning_rate': 0.03}",,
GradientBoosting,89,0.8362601730155516,1.0525575945387164,0.5410239800802006,"{'selector__k': 10, 'selector': SelectKBest(score_func=<function mutual_info_regression at 0x000001FCBE703380>), 'model__subsample': 0.8, 'model__n_estimators': 100, 'model__max_depth': 2, 'model__learning_rate': 0.03}",,
GradientBoosting,90,0.7779812147829793,0.9516382503289702,0.6720764648917357,"{'selector__n_features_to_select': 10, 'selector': RFE(estimator=Ridge(), step=0.25), 'model__subsample': 0.8, 'model__n_estimators': 100, 'model__max_depth': 2, 'model__learning_rate': 0.03}",,
GradientBoosting,91,1.3526537153081222,1.6694339190225822,0.3460080534495732,"{'selector__k': 'all', 'selector': SelectKBest(score_func=<function mutual_info_regression at 0x000001FCBE703380>), 'model__subsample': 0.8, 'model__n_estimators': 50, 'model__max_depth': 2, 'model__learning_rate': 0.03}",,
GradientBoosting,92,1.1055562009353053,1.4303070221465155,0.2696544664073768,"{'selector__n_features_to_select': 10, 'selector': RFE(estimator=Ridge(), step=0.25), 'model__subsample': 0.8, 'model__n_estimators': 100, 'model__max_depth': 1, 'model__learning_rate': 0.03}",,
GradientBoosting,93,0.9867510580169294,1.1817151274877435,0.19352452200752146,"{'selector__k': 'all', 'selector': SelectKBest(score_func=<function mutual_info_regression at 0x000001FCBE703380>), 'model__subsample': 0.8, 'model__n_estimators': 50, 'model__max_depth': 1, 'model__learning_rate': 0.03}",,
GradientBoosting,94,0.9866367258524528,1.2732131513198188,0.2688957765067985,"{'selector__k': 'all', 'selector': SelectKBest(score_func=<function mutual_info_regression at 0x000001FCBE703380>), 'model__subsample': 0.8, 'model__n_estimators': 100, 'model__max_depth': 1, 'model__learning_rate': 0.08}",,
GradientBoosting,95,1.3848817253057983,1.6994709447242518,0.4117977625026481,"{'selector__n_features_to_select': 10, 'selector': RFE(estimator=Ridge(), step=0.25), 'model__subsample': 0.8, 'model__n_estimators': 100, 'model__max_depth': 2, 'model__learning_rate': 0.08}",,
GradientBoosting,96,1.7113151434133616,2.133421643485859,0.23780418336837106,"{'selector__k': 10, 'selector': SelectKBest(score_func=<function mutual_info_regression at 0x000001FCBE703380>), 'model__subsample': 0.8, 'model__n_estimators': 100, 'model__max_depth': 1, 'model__learning_rate': 0.08}",,
GradientBoosting,97,1.4184481532473983,1.697507799198319,0.26863309753348474,"{'selector__k': 'all', 'selector': SelectKBest(score_func=<function mutual_info_regression at 0x000001FCBE703380>), 'model__subsample': 0.8, 'model__n_estimators': 50, 'model__max_depth': 2, 'model__learning_rate': 0.08}",,
GradientBoosting,98,0.8601084336807349,0.980439027586658,0.2830356089113141,"{'selector__k': 10, 'selector': SelectKBest(score_func=<function mutual_info_regression at 0x000001FCBE703380>), 'model__subsample': 0.8, 'model__n_estimators': 100, 'model__max_depth': 1, 'model__learning_rate': 0.08}",,
GradientBoosting,99,1.9628224688821032,2.1464965514687395,-7.965843677665891,"{'selector__k': 10, 'selector': SelectKBest(score_func=<function mutual_info_regression at 0x000001FCBE703380>), 'model__subsample': 0.8, 'model__n_estimators': 50, 'model__max_depth': 1, 'model__learning_rate': 0.08}",,
GradientBoosting,100,1.138264115438788,1.5581075066513654,-0.14620223705805224,"{'selector__k': 'all', 'selector': SelectKBest(score_func=<function mutual_info_regression at 0x000001FCBE703380>), 'model__subsample': 0.8, 'model__n_estimators': 50, 'model__max_depth': 1, 'model__learning_rate': 0.08}",,
GradientBoosting,OOF_SUMMARY,1.427359787019846,1.767851691213314,0.1086648866015234,"{'selector__n_features_to_select': 10, 'selector': RFE(estimator=Ridge(), step=0.25), 'model__subsample': 0.8, 'model__n_estimators': 100, 'model__max_depth': 1, 'model__learning_rate': 0.03}",0.4124278268627655,"{'selector__n_features_to_select': 10, 'selector': RFE(estimator=Ridge(), step=0.25), 'model__subsample': 0.8, 'model__n_estimators': 100, 'model__max_depth': 1, 'model__learning_rate': 0.03}"
MLPExperimental,1,1.7708278875338894,2.193246693191262,-0.06874490819077828,"{'selector__k': 10, 'selector': SelectKBest(score_func=<function mutual_info_regression at 0x000001FCBE703380>), 'model__learning_rate_init': 0.001, 'model__alpha': 0.1}",,
MLPExperimental,2,1.2924799413823664,1.6254785417558713,-0.1559130119008898,"{'selector__k': 10, 'selector': SelectKBest(score_func=<function mutual_info_regression at 0x000001FCBE703380>), 'model__learning_rate_init': 0.001, 'model__alpha': 0.01}",,
MLPExperimental,3,1.1452477251395283,1.57943224836222,-0.6568332398303249,"{'selector__k': 10, 'selector': SelectKBest(score_func=<function mutual_info_regression at 0x000001FCBE703380>), 'model__learning_rate_init': 0.001, 'model__alpha': 0.01}",,
MLPExperimental,4,1.559201190686627,1.7306670011977656,-3.9531087179196405,"{'selector': SelectFromModel(estimator=ElasticNet(alpha=0.05, l1_ratio=0.8, max_iter=20000,
                                     random_state=42)), 'model__learning_rate_init': 0.001, 'model__alpha': 0.01}",,
MLPExperimental,5,1.6349090446042591,1.9808042416366456,0.11811306670675636,"{'selector__k': 10, 'selector': SelectKBest(score_func=<function mutual_info_regression at 0x000001FCBE703380>), 'model__learning_rate_init': 0.001, 'model__alpha': 0.1}",,
MLPExperimental,6,2.2633256682326377,2.856169935841507,-1.0297630565365203,"{'selector__k': 10, 'selector': SelectKBest(score_func=<function mutual_info_regression at 0x000001FCBE703380>), 'model__learning_rate_init': 0.001, 'model__alpha': 0.1}",,
MLPExperimental,7,0.5821863260928489,0.6820142634657355,0.746721909604944,"{'selector__k': 10, 'selector': SelectKBest(score_func=<function mutual_info_regression at 0x000001FCBE703380>), 'model__learning_rate_init': 0.001, 'model__alpha': 0.1}",,
MLPExperimental,8,1.481801423672124,1.654092216584213,-2.008539867068288,"{'selector__k': 10, 'selector': SelectKBest(score_func=<function mutual_info_regression at 0x000001FCBE703380>), 'model__learning_rate_init': 0.001, 'model__alpha': 0.01}",,
MLPExperimental,9,1.5770476474742887,1.8557371818064683,-0.6541709821413924,"{'selector__n_features_to_select': 10, 'selector': RFE(estimator=Ridge(), step=0.25), 'model__learning_rate_init': 0.001, 'model__alpha': 0.1}",,
MLPExperimental,10,1.932128042562954,2.252120775164585,0.21682454423485753,"{'selector': SelectFromModel(estimator=ElasticNet(alpha=0.05, l1_ratio=0.8, max_iter=20000,
                                     random_state=42)), 'model__learning_rate_init': 0.001, 'model__alpha': 0.01}",,
MLPExperimental,11,1.9759793947379325,2.4302347505566706,-0.9739953571987681,"{'selector__k': 10, 'selector': SelectKBest(score_func=<function mutual_info_regression at 0x000001FCBE703380>), 'model__learning_rate_init': 0.001, 'model__alpha': 0.01}",,
MLPExperimental,12,1.806848917115758,2.1564979254518475,-2.4671552459435455,"{'selector__k': 10, 'selector': SelectKBest(score_func=<function mutual_info_regression at 0x000001FCBE703380>), 'model__learning_rate_init': 0.001, 'model__alpha': 0.01}",,
MLPExperimental,13,1.1521196070642048,1.246360461260505,0.021645790399914655,"{'selector__k': 10, 'selector': SelectKBest(score_func=<function mutual_info_regression at 0x000001FCBE703380>), 'model__learning_rate_init': 0.001, 'model__alpha': 0.01}",,
MLPExperimental,14,1.8088660808748998,2.211987280569348,0.255447209686391,"{'selector__k': 10, 'selector': SelectKBest(score_func=<function mutual_info_regression at 0x000001FCBE703380>), 'model__learning_rate_init': 0.001, 'model__alpha': 0.1}",,
MLPExperimental,15,2.275054596866223,2.380014413097754,-3.7126097903382806,"{'selector__n_features_to_select': 10, 'selector': RFE(estimator=Ridge(), step=0.25), 'model__learning_rate_init': 0.001, 'model__alpha': 0.1}",,
MLPExperimental,16,1.9435509055137372,2.3230628036875105,-2.100601113575329,"{'selector__k': 10, 'selector': SelectKBest(score_func=<function mutual_info_regression at 0x000001FCBE703380>), 'model__learning_rate_init': 0.001, 'model__alpha': 0.01}",,
MLPExperimental,17,1.756499196268034,2.1274690063437824,0.3326486231034089,"{'selector__k': 10, 'selector': SelectKBest(score_func=<function mutual_info_regression at 0x000001FCBE703380>), 'model__learning_rate_init': 0.001, 'model__alpha': 0.1}",,
MLPExperimental,18,1.9713794424590965,2.308705283416747,-0.9552165744783372,"{'selector__k': 10, 'selector': SelectKBest(score_func=<function mutual_info_regression at 0x000001FCBE703380>), 'model__learning_rate_init': 0.001, 'model__alpha': 0.01}",,
MLPExperimental,19,2.7438950057262645,2.887379244029494,-3.184764168579571,"{'selector__k': 10, 'selector': SelectKBest(score_func=<function mutual_info_regression at 0x000001FCBE703380>), 'model__learning_rate_init': 0.001, 'model__alpha': 0.01}",,
MLPExperimental,20,2.245018613419784,2.6903105571028387,-1.1023204106993947,"{'selector__k': 10, 'selector': SelectKBest(score_func=<function mutual_info_regression at 0x000001FCBE703380>), 'model__learning_rate_init': 0.001, 'model__alpha': 0.1}",,
MLPExperimental,21,2.013553743103541,2.309032533982645,-4.038163367799047,"{'selector__n_features_to_select': 10, 'selector': RFE(estimator=Ridge(), step=0.25), 'model__learning_rate_init': 0.001, 'model__alpha': 0.01}",,
MLPExperimental,22,1.7757487570953252,2.131257701695486,0.07992688482194721,"{'selector': SelectFromModel(estimator=ElasticNet(alpha=0.05, l1_ratio=0.8, max_iter=20000,
                                     random_state=42)), 'model__learning_rate_init': 0.001, 'model__alpha': 0.1}",,
MLPExperimental,23,3.449364546346713,3.815525209591441,-2.6145402165519833,"{'selector__k': 10, 'selector': SelectKBest(score_func=<function mutual_info_regression at 0x000001FCBE703380>), 'model__learning_rate_init': 0.001, 'model__alpha': 0.1}",,
MLPExperimental,24,1.1321951127351089,1.6395980087266546,-0.2555094995615792,"{'selector__k': 10, 'selector': SelectKBest(score_func=<function mutual_info_regression at 0x000001FCBE703380>), 'model__learning_rate_init': 0.001, 'model__alpha': 0.1}",,
MLPExperimental,25,0.4343247431842319,0.5563028973440631,0.8742817806805441,"{'selector__k': 10, 'selector': SelectKBest(score_func=<function mutual_info_regression at 0x000001FCBE703380>), 'model__learning_rate_init': 0.001, 'model__alpha': 0.01}",,
MLPExperimental,26,2.905897290251375,3.530101700357825,-4.3130030235530805,"{'selector__n_features_to_select': 10, 'selector': RFE(estimator=Ridge(), step=0.25), 'model__learning_rate_init': 0.001, 'model__alpha': 0.1}",,
MLPExperimental,27,0.6829436886731693,0.9732002853029231,0.15478787823254725,"{'selector__k': 10, 'selector': SelectKBest(score_func=<function mutual_info_regression at 0x000001FCBE703380>), 'model__learning_rate_init': 0.001, 'model__alpha': 0.1}",,
MLPExperimental,28,1.085746891048076,1.309159342268503,-0.041009786234614376,"{'selector__k': 10, 'selector': SelectKBest(score_func=<function mutual_info_regression at 0x000001FCBE703380>), 'model__learning_rate_init': 0.001, 'model__alpha': 0.01}",,
MLPExperimental,29,1.5093132576569772,1.9842470512318802,0.4055756170643857,"{'selector': SelectFromModel(estimator=ElasticNet(alpha=0.05, l1_ratio=0.8, max_iter=20000,
                                     random_state=42)), 'model__learning_rate_init': 0.001, 'model__alpha': 0.1}",,
MLPExperimental,30,1.778506979341471,2.1951798503141635,-0.04094385942686829,"{'selector__k': 10, 'selector': SelectKBest(score_func=<function mutual_info_regression at 0x000001FCBE703380>), 'model__learning_rate_init': 0.001, 'model__alpha': 0.01}",,
MLPExperimental,31,1.2403463735593552,1.5403450994243992,0.19718322122521703,"{'selector__k': 10, 'selector': SelectKBest(score_func=<function mutual_info_regression at 0x000001FCBE703380>), 'model__learning_rate_init': 0.001, 'model__alpha': 0.01}",,
MLPExperimental,32,1.4029823006116657,1.7845102284024217,-1.2458256675489432,"{'selector__n_features_to_select': 10, 'selector': RFE(estimator=Ridge(), step=0.25), 'model__learning_rate_init': 0.001, 'model__alpha': 0.1}",,
MLPExperimental,33,2.411595021785375,3.15456031834836,-1.4039012391031847,"{'selector__n_features_to_select': 10, 'selector': RFE(estimator=Ridge(), step=0.25), 'model__learning_rate_init': 0.001, 'model__alpha': 0.01}",,
MLPExperimental,34,1.7094985616914278,2.167870400446372,0.10778754851445838,"{'selector__k': 10, 'selector': SelectKBest(score_func=<function mutual_info_regression at 0x000001FCBE703380>), 'model__learning_rate_init': 0.001, 'model__alpha': 0.1}",,
MLPExperimental,35,0.8727847868833852,1.0495201866804793,0.050603925413135076,"{'selector__k': 10, 'selector': SelectKBest(score_func=<function mutual_info_regression at 0x000001FCBE703380>), 'model__learning_rate_init': 0.001, 'model__alpha': 0.1}",,
MLPExperimental,36,2.134081266135458,2.376634833305432,-0.01076131929425661,"{'selector': SelectFromModel(estimator=ElasticNet(alpha=0.05, l1_ratio=0.8, max_iter=20000,
                                     random_state=42)), 'model__learning_rate_init': 0.001, 'model__alpha': 0.01}",,
MLPExperimental,37,0.7222512918355596,0.8847231077607917,0.7214598735409856,"{'selector__k': 10, 'selector': SelectKBest(score_func=<function mutual_info_regression at 0x000001FCBE703380>), 'model__learning_rate_init': 0.001, 'model__alpha': 0.01}",,
MLPExperimental,38,1.289357951924646,1.609031645914035,-0.4303992762795563,"{'selector__k': 10, 'selector': SelectKBest(score_func=<function mutual_info_regression at 0x000001FCBE703380>), 'model__learning_rate_init': 0.001, 'model__alpha': 0.01}",,
MLPExperimental,39,0.7301937062923636,0.9067283695271671,0.002636247022648308,"{'selector__k': 10, 'selector': SelectKBest(score_func=<function mutual_info_regression at 0x000001FCBE703380>), 'model__learning_rate_init': 0.001, 'model__alpha': 0.01}",,
MLPExperimental,40,1.2317079966162752,1.3319756319210592,0.009709293391082952,"{'selector__k': 10, 'selector': SelectKBest(score_func=<function mutual_info_regression at 0x000001FCBE703380>), 'model__learning_rate_init': 0.001, 'model__alpha': 0.01}",,
MLPExperimental,41,1.3886705183879005,1.7829932526351944,-0.21788391020500741,"{'selector__k': 10, 'selector': SelectKBest(score_func=<function mutual_info_regression at 0x000001FCBE703380>), 'model__learning_rate_init': 0.001, 'model__alpha': 0.01}",,
MLPExperimental,42,1.2189082205918365,1.4742932218481026,-0.5533589594955528,"{'selector__k': 10, 'selector': SelectKBest(score_func=<function mutual_info_regression at 0x000001FCBE703380>), 'model__learning_rate_init': 0.001, 'model__alpha': 0.1}",,
MLPExperimental,43,2.5728321865382617,3.1205949485342757,-0.09685921709822454,"{'selector__k': 10, 'selector': SelectKBest(score_func=<function mutual_info_regression at 0x000001FCBE703380>), 'model__learning_rate_init': 0.001, 'model__alpha': 0.1}",,
MLPExperimental,44,1.2593089249580305,1.5748236158257778,-0.17187431724977054,"{'selector__k': 10, 'selector': SelectKBest(score_func=<function mutual_info_regression at 0x000001FCBE703380>), 'model__learning_rate_init': 0.001, 'model__alpha': 0.1}",,
MLPExperimental,45,1.4932134125320982,1.6536997410047267,-2.802197781917941,"{'selector__n_features_to_select': 10, 'selector': RFE(estimator=Ridge(), step=0.25), 'model__learning_rate_init': 0.001, 'model__alpha': 0.01}",,
MLPExperimental,46,2.060376399414454,2.766078289403025,-0.2587949805971268,"{'selector': SelectFromModel(estimator=ElasticNet(alpha=0.05, l1_ratio=0.8, max_iter=20000,
                                     random_state=42)), 'model__learning_rate_init': 0.001, 'model__alpha': 0.1}",,
MLPExperimental,47,1.564075605759101,2.020831437792749,-0.5914632666746513,"{'selector__k': 10, 'selector': SelectKBest(score_func=<function mutual_info_regression at 0x000001FCBE703380>), 'model__learning_rate_init': 0.001, 'model__alpha': 0.01}",,
MLPExperimental,48,1.6714876088256052,1.997142252275531,-2.8831862077504296,"{'selector__k': 10, 'selector': SelectKBest(score_func=<function mutual_info_regression at 0x000001FCBE703380>), 'model__learning_rate_init': 0.001, 'model__alpha': 0.01}",,
MLPExperimental,49,1.782933052232358,2.3427087369798643,-2.323795582212292,"{'selector__k': 10, 'selector': SelectKBest(score_func=<function mutual_info_regression at 0x000001FCBE703380>), 'model__learning_rate_init': 0.001, 'model__alpha': 0.1}",,
MLPExperimental,50,0.9339778226689407,1.0036406727664342,-0.834979379527949,"{'selector__k': 10, 'selector': SelectKBest(score_func=<function mutual_info_regression at 0x000001FCBE703380>), 'model__learning_rate_init': 0.001, 'model__alpha': 0.1}",,
MLPExperimental,51,0.9322382117435019,1.0833045378701613,0.3051819079143093,"{'selector__k': 10, 'selector': SelectKBest(score_func=<function mutual_info_regression at 0x000001FCBE703380>), 'model__learning_rate_init': 0.001, 'model__alpha': 0.01}",,
MLPExperimental,52,2.8704317718237484,3.5240732931714502,-1.1536458174566024,"{'selector__k': 10, 'selector': SelectKBest(score_func=<function mutual_info_regression at 0x000001FCBE703380>), 'model__learning_rate_init': 0.001, 'model__alpha': 0.1}",,
MLPExperimental,53,1.0388628738922059,1.2309753352313548,0.5534621884465705,"{'selector__k': 10, 'selector': SelectKBest(score_func=<function mutual_info_regression at 0x000001FCBE703380>), 'model__learning_rate_init': 0.001, 'model__alpha': 0.01}",,
MLPExperimental,54,2.084845461426472,2.5637478316033673,-1.9650036427206445,"{'selector__k': 10, 'selector': SelectKBest(score_func=<function mutual_info_regression at 0x000001FCBE703380>), 'model__learning_rate_init': 0.001, 'model__alpha': 0.1}",,
MLPExperimental,55,1.4615613201878566,1.5905310122666303,-0.5849533199493648,"{'selector__k': 10, 'selector': SelectKBest(score_func=<function mutual_info_regression at 0x000001FCBE703380>), 'model__learning_rate_init': 0.001, 'model__alpha': 0.1}",,
MLPExperimental,56,2.167372308536137,2.647157438258495,-0.41835535084953723,"{'selector__k': 10, 'selector': SelectKBest(score_func=<function mutual_info_regression at 0x000001FCBE703380>), 'model__learning_rate_init': 0.001, 'model__alpha': 0.1}",,
MLPExperimental,57,0.4508758462925719,0.6103221070671896,0.6173181221552957,"{'selector__k': 10, 'selector': SelectKBest(score_func=<function mutual_info_regression at 0x000001FCBE703380>), 'model__learning_rate_init': 0.001, 'model__alpha': 0.01}",,
MLPExperimental,58,1.3640315299547332,1.7307395181941951,-0.19047215080197444,"{'selector__k': 10, 'selector': SelectKBest(score_func=<function mutual_info_regression at 0x000001FCBE703380>), 'model__learning_rate_init': 0.001, 'model__alpha': 0.01}",,
MLPExperimental,59,2.417175243861617,2.532003370886539,-1.7232957728749887,"{'selector__n_features_to_select': 10, 'selector': RFE(estimator=Ridge(), step=0.25), 'model__learning_rate_init': 0.001, 'model__alpha': 0.1}",,
MLPExperimental,60,1.9097282161339553,2.252318723354948,-0.21476164037842072,"{'selector__k': 10, 'selector': SelectKBest(score_func=<function mutual_info_regression at 0x000001FCBE703380>), 'model__learning_rate_init': 0.001, 'model__alpha': 0.1}",,
MLPExperimental,61,1.079229746930871,1.190617148771994,-0.03658167968711101,"{'selector__k': 10, 'selector': SelectKBest(score_func=<function mutual_info_regression at 0x000001FCBE703380>), 'model__learning_rate_init': 0.001, 'model__alpha': 0.1}",,
MLPExperimental,62,1.3025247226078736,1.6577934997887815,-0.3436323347061254,"{'selector__k': 10, 'selector': SelectKBest(score_func=<function mutual_info_regression at 0x000001FCBE703380>), 'model__learning_rate_init': 0.001, 'model__alpha': 0.01}",,
MLPExperimental,63,2.1173755352844688,2.605989070804779,-1.5755403098581908,"{'selector__k': 10, 'selector': SelectKBest(score_func=<function mutual_info_regression at 0x000001FCBE703380>), 'model__learning_rate_init': 0.001, 'model__alpha': 0.01}",,
MLPExperimental,64,1.4610552908258612,1.7597525537057785,-0.14679118910411826,"{'selector__k': 10, 'selector': SelectKBest(score_func=<function mutual_info_regression at 0x000001FCBE703380>), 'model__learning_rate_init': 0.001, 'model__alpha': 0.01}",,
MLPExperimental,65,1.4107901462481145,1.9385082693479843,0.45141847407011926,"{'selector__k': 10, 'selector': SelectKBest(score_func=<function mutual_info_regression at 0x000001FCBE703380>), 'model__learning_rate_init': 0.001, 'model__alpha': 0.1}",,
MLPExperimental,66,2.060051414541998,2.3719740249108368,-2.023524565694711,"{'selector__k': 10, 'selector': SelectKBest(score_func=<function mutual_info_regression at 0x000001FCBE703380>), 'model__learning_rate_init': 0.001, 'model__alpha': 0.01}",,
MLPExperimental,67,2.2205964375052214,3.1299161483816675,-0.5939641374760396,"{'selector__k': 10, 'selector': SelectKBest(score_func=<function mutual_info_regression at 0x000001FCBE703380>), 'model__learning_rate_init': 0.001, 'model__alpha': 0.01}",,
MLPExperimental,68,1.6218264341598967,1.891028323170415,0.16509744281461658,"{'selector__k': 10, 'selector': SelectKBest(score_func=<function mutual_info_regression at 0x000001FCBE703380>), 'model__learning_rate_init': 0.001, 'model__alpha': 0.1}",,
MLPExperimental,69,1.5573363819361965,1.95131353111957,-0.3054977141088313,"{'selector__k': 10, 'selector': SelectKBest(score_func=<function mutual_info_regression at 0x000001FCBE703380>), 'model__learning_rate_init': 0.001, 'model__alpha': 0.01}",,
MLPExperimental,70,1.824107991608835,2.196227779621977,-3.1880128894077133,"{'selector__n_features_to_select': 10, 'selector': RFE(estimator=Ridge(), step=0.25), 'model__learning_rate_init': 0.001, 'model__alpha': 0.1}",,
MLPExperimental,71,1.1869780652983748,1.318066972517724,0.46200770046572126,"{'selector__k': 10, 'selector': SelectKBest(score_func=<function mutual_info_regression at 0x000001FCBE703380>), 'model__learning_rate_init': 0.001, 'model__alpha': 0.01}",,
MLPExperimental,72,1.830434972701143,2.259976925219754,0.2550947303324992,"{'selector__k': 10, 'selector': SelectKBest(score_func=<function mutual_info_regression at 0x000001FCBE703380>), 'model__learning_rate_init': 0.001, 'model__alpha': 0.01}",,
MLPExperimental,73,1.3607866022325028,1.7026724740127832,-1.0887560157648162,"{'selector__k': 10, 'selector': SelectKBest(score_func=<function mutual_info_regression at 0x000001FCBE703380>), 'model__learning_rate_init': 0.001, 'model__alpha': 0.1}",,
MLPExperimental,74,1.2132098112466694,1.9830805810201368,-0.12369230531322195,"{'selector': SelectFromModel(estimator=ElasticNet(alpha=0.05, l1_ratio=0.8, max_iter=20000,
                                     random_state=42)), 'model__learning_rate_init': 0.001, 'model__alpha': 0.01}",,
MLPExperimental,75,1.193074730801874,1.766221651700702,-1.7932445133113801,"{'selector__k': 10, 'selector': SelectKBest(score_func=<function mutual_info_regression at 0x000001FCBE703380>), 'model__learning_rate_init': 0.001, 'model__alpha': 0.1}",,
MLPExperimental,76,2.0967499989698832,2.3151081917356833,-2.6959822465656615,"{'selector__n_features_to_select': 10, 'selector': RFE(estimator=Ridge(), step=0.25), 'model__learning_rate_init': 0.001, 'model__alpha': 0.1}",,
MLPExperimental,77,2.6219037434162322,3.009256218957251,-2.5149962452249177,"{'selector__n_features_to_select': 10, 'selector': RFE(estimator=Ridge(), step=0.25), 'model__learning_rate_init': 0.001, 'model__alpha': 0.1}",,
MLPExperimental,78,1.1826380767654048,1.6425033615923184,-0.2400901818155281,"{'selector__k': 10, 'selector': SelectKBest(score_func=<function mutual_info_regression at 0x000001FCBE703380>), 'model__learning_rate_init': 0.001, 'model__alpha': 0.1}",,
MLPExperimental,79,1.8165563343087572,2.17304185111385,-0.20152469955465602,"{'selector__k': 10, 'selector': SelectKBest(score_func=<function mutual_info_regression at 0x000001FCBE703380>), 'model__learning_rate_init': 0.001, 'model__alpha': 0.01}",,
MLPExperimental,80,1.6003761006359303,1.8552802635138872,-2.101404826985401,"{'selector__k': 10, 'selector': SelectKBest(score_func=<function mutual_info_regression at 0x000001FCBE703380>), 'model__learning_rate_init': 0.001, 'model__alpha': 0.1}",,
MLPExperimental,81,3.1877038619789775,4.116844954451008,-3.1847567412990614,"{'selector__k': 10, 'selector': SelectKBest(score_func=<function mutual_info_regression at 0x000001FCBE703380>), 'model__learning_rate_init': 0.001, 'model__alpha': 0.01}",,
MLPExperimental,82,0.7214116973076024,0.9156447810653141,0.5621861546785089,"{'selector__k': 10, 'selector': SelectKBest(score_func=<function mutual_info_regression at 0x000001FCBE703380>), 'model__learning_rate_init': 0.001, 'model__alpha': 0.1}",,
MLPExperimental,83,2.0783581283801733,2.593542365766631,0.03543270616381322,"{'selector__k': 10, 'selector': SelectKBest(score_func=<function mutual_info_regression at 0x000001FCBE703380>), 'model__learning_rate_init': 0.001, 'model__alpha': 0.01}",,
MLPExperimental,84,1.8040510638639973,2.140111258925043,-4.52455838514023,"{'selector__k': 10, 'selector': SelectKBest(score_func=<function mutual_info_regression at 0x000001FCBE703380>), 'model__learning_rate_init': 0.001, 'model__alpha': 0.1}",,
MLPExperimental,85,1.4395171484104559,1.6006020917188204,-0.2105009884100717,"{'selector__k': 10, 'selector': SelectKBest(score_func=<function mutual_info_regression at 0x000001FCBE703380>), 'model__learning_rate_init': 0.001, 'model__alpha': 0.1}",,
MLPExperimental,86,1.4777880418738394,1.8349661875343835,-1.6113037920061521,"{'selector__k': 10, 'selector': SelectKBest(score_func=<function mutual_info_regression at 0x000001FCBE703380>), 'model__learning_rate_init': 0.001, 'model__alpha': 0.01}",,
MLPExperimental,87,1.9501704272888492,2.1050772828300195,-0.6031201338451291,"{'selector__k': 10, 'selector': SelectKBest(score_func=<function mutual_info_regression at 0x000001FCBE703380>), 'model__learning_rate_init': 0.001, 'model__alpha': 0.01}",,
MLPExperimental,88,1.5608947817464436,2.0493891392140284,0.40576096768879055,"{'selector__k': 10, 'selector': SelectKBest(score_func=<function mutual_info_regression at 0x000001FCBE703380>), 'model__learning_rate_init': 0.001, 'model__alpha': 0.1}",,
MLPExperimental,89,1.138415649006079,1.2743358770968525,0.32723083587818824,"{'selector__k': 10, 'selector': SelectKBest(score_func=<function mutual_info_regression at 0x000001FCBE703380>), 'model__learning_rate_init': 0.001, 'model__alpha': 0.1}",,
MLPExperimental,90,1.4935935943414071,2.08130437775049,-0.5685559081744052,"{'selector__k': 10, 'selector': SelectKBest(score_func=<function mutual_info_regression at 0x000001FCBE703380>), 'model__learning_rate_init': 0.001, 'model__alpha': 0.01}",,
MLPExperimental,91,1.2074252761973707,1.3978257279100372,0.5414993100993529,"{'selector__k': 10, 'selector': SelectKBest(score_func=<function mutual_info_regression at 0x000001FCBE703380>), 'model__learning_rate_init': 0.001, 'model__alpha': 0.1}",,
MLPExperimental,92,1.3363067607053425,1.8865102705950458,-0.27053953649110274,"{'selector__n_features_to_select': 10, 'selector': RFE(estimator=Ridge(), step=0.25), 'model__learning_rate_init': 0.001, 'model__alpha': 0.1}",,
MLPExperimental,93,1.337495717279926,1.919403153231513,-1.1276392050653525,"{'selector__k': 10, 'selector': SelectKBest(score_func=<function mutual_info_regression at 0x000001FCBE703380>), 'model__learning_rate_init': 0.001, 'model__alpha': 0.1}",,
MLPExperimental,94,1.1610332600101365,1.5298621671913126,-0.05555695267653582,"{'selector__k': 10, 'selector': SelectKBest(score_func=<function mutual_info_regression at 0x000001FCBE703380>), 'model__learning_rate_init': 0.001, 'model__alpha': 0.01}",,
MLPExperimental,95,1.6109266984233048,2.0690576296517933,0.12814480678639928,"{'selector__k': 10, 'selector': SelectKBest(score_func=<function mutual_info_regression at 0x000001FCBE703380>), 'model__learning_rate_init': 0.001, 'model__alpha': 0.01}",,
MLPExperimental,96,2.369515996728861,2.955902276273754,-0.46316502487345756,"{'selector__k': 10, 'selector': SelectKBest(score_func=<function mutual_info_regression at 0x000001FCBE703380>), 'model__learning_rate_init': 0.001, 'model__alpha': 0.01}",,
MLPExperimental,97,1.7823781450946055,1.94479048827276,0.04003060016498472,"{'selector__k': 10, 'selector': SelectKBest(score_func=<function mutual_info_regression at 0x000001FCBE703380>), 'model__learning_rate_init': 0.001, 'model__alpha': 0.1}",,
MLPExperimental,98,0.8783522377339864,1.048677875531188,0.1797606192500052,"{'selector__k': 10, 'selector': SelectKBest(score_func=<function mutual_info_regression at 0x000001FCBE703380>), 'model__learning_rate_init': 0.001, 'model__alpha': 0.1}",,
MLPExperimental,99,1.8183623622318887,2.0842980181342567,-7.4537695255320084,"{'selector__k': 10, 'selector': SelectKBest(score_func=<function mutual_info_regression at 0x000001FCBE703380>), 'model__learning_rate_init': 0.001, 'model__alpha': 0.1}",,
MLPExperimental,100,0.6758697873703022,0.8762358684923499,0.6374996203197099,"{'selector__k': 10, 'selector': SelectKBest(score_func=<function mutual_info_regression at 0x000001FCBE703380>), 'model__learning_rate_init': 0.001, 'model__alpha': 0.01}",,
MLPExperimental,OOF_SUMMARY,1.5405864161494165,1.9756949334716158,-0.11324084202257834,"{'selector__k': 10, 'selector': SelectKBest(score_func=<function mutual_info_regression at 0x000001FCBE703380>), 'model__learning_rate_init': 0.001, 'model__alpha': 0.01}",0.28665689149560114,"{'selector__k': 10, 'selector': SelectKBest(score_func=<function mutual_info_regression at 0x000001FCBE703380>), 'model__learning_rate_init': 0.001, 'model__alpha': 0.01}"
XGBoost,1,1.5607144121442524,1.9453130219047055,0.15922830970584323,"{'selector__k': 'all', 'selector': SelectKBest(score_func=<function mutual_info_regression at 0x000001FCBE703380>), 'model__subsample': 0.8, 'model__reg_lambda': 5, 'model__reg_alpha': 0.1, 'model__n_estimators': 50, 'model__max_depth': 1, 'model__learning_rate': 0.08, 'model__colsample_bytree': 0.8}",,
XGBoost,2,0.943999228341239,1.300895815055966,0.25963188947130733,"{'selector__k': 'all', 'selector': SelectKBest(score_func=<function mutual_info_regression at 0x000001FCBE703380>), 'model__subsample': 0.8, 'model__reg_lambda': 1, 'model__reg_alpha': 0.1, 'model__n_estimators': 100, 'model__max_depth': 1, 'model__learning_rate': 0.03, 'model__colsample_bytree': 0.8}",,
XGBoost,3,0.8647207142512002,1.2322727042811215,-0.008533791547534308,"{'selector__k': 'all', 'selector': SelectKBest(score_func=<function mutual_info_regression at 0x000001FCBE703380>), 'model__subsample': 0.8, 'model__reg_lambda': 1, 'model__reg_alpha': 0.1, 'model__n_estimators': 100, 'model__max_depth': 2, 'model__learning_rate': 0.08, 'model__colsample_bytree': 0.8}",,
XGBoost,4,1.699475875218709,1.897489759487854,-4.954012143092436,"{'selector__n_features_to_select': 10, 'selector': RFE(estimator=Ridge(), step=0.25), 'model__subsample': 0.8, 'model__reg_lambda': 5, 'model__reg_alpha': 0.1, 'model__n_estimators': 50, 'model__max_depth': 2, 'model__learning_rate': 0.03, 'model__colsample_bytree': 0.8}",,
XGBoost,5,1.68779679552714,1.8930324729422188,0.19453639612331108,"{'selector__k': 'all', 'selector': SelectKBest(score_func=<function mutual_info_regression at 0x000001FCBE703380>), 'model__subsample': 0.8, 'model__reg_lambda': 1, 'model__reg_alpha': 0.1, 'model__n_estimators': 100, 'model__max_depth': 1, 'model__learning_rate': 0.03, 'model__colsample_bytree': 0.8}",,
XGBoost,6,1.738023941040039,2.189501220812778,-0.192800026743551,"{'selector__k': 10, 'selector': SelectKBest(score_func=<function mutual_info_regression at 0x000001FCBE703380>), 'model__subsample': 0.8, 'model__reg_lambda': 1, 'model__reg_alpha': 0.1, 'model__n_estimators': 50, 'model__max_depth': 2, 'model__learning_rate': 0.03, 'model__colsample_bytree': 0.8}",,
XGBoost,7,0.7391585344587055,0.8789073070603342,0.5793732790425055,"{'selector__k': 'all', 'selector': SelectKBest(score_func=<function mutual_info_regression at 0x000001FCBE703380>), 'model__subsample': 0.8, 'model__reg_lambda': 5, 'model__reg_alpha': 0.1, 'model__n_estimators': 50, 'model__max_depth': 1, 'model__learning_rate': 0.08, 'model__colsample_bytree': 0.8}",,
XGBoost,8,1.2816953500111898,1.5789137850553852,-1.7412785488282463,"{'selector__k': 'all', 'selector': SelectKBest(score_func=<function mutual_info_regression at 0x000001FCBE703380>), 'model__subsample': 0.8, 'model__reg_lambda': 1, 'model__reg_alpha': 0.1, 'model__n_estimators': 50, 'model__max_depth': 1, 'model__learning_rate': 0.08, 'model__colsample_bytree': 0.8}",,
XGBoost,9,1.5731769733428955,1.8401800931280279,-0.6265526131006314,"{'selector__k': 10, 'selector': SelectKBest(score_func=<function mutual_info_regression at 0x000001FCBE703380>), 'model__subsample': 0.8, 'model__reg_lambda': 5, 'model__reg_alpha': 0.1, 'model__n_estimators': 100, 'model__max_depth': 2, 'model__learning_rate': 0.03, 'model__colsample_bytree': 0.8}",,
XGBoost,10,1.5291692269643147,2.0344232879445303,0.3609154008997041,"{'selector__n_features_to_select': 10, 'selector': RFE(estimator=Ridge(), step=0.25), 'model__subsample': 0.8, 'model__reg_lambda': 5, 'model__reg_alpha': 0.1, 'model__n_estimators': 100, 'model__max_depth': 1, 'model__learning_rate': 0.08, 'model__colsample_bytree': 0.8}",,
XGBoost,11,2.001141078404018,2.1814763698901034,-0.590562355295285,"{'selector__k': 'all', 'selector': SelectKBest(score_func=<function mutual_info_regression at 0x000001FCBE703380>), 'model__subsample': 0.8, 'model__reg_lambda': 5, 'model__reg_alpha': 0.1, 'model__n_estimators': 50, 'model__max_depth': 1, 'model__learning_rate': 0.08, 'model__colsample_bytree': 0.8}",,
XGBoost,12,1.5660484444754463,1.9043522388760612,-1.7037700962790812,"{'selector__k': 10, 'selector': SelectKBest(score_func=<function mutual_info_regression at 0x000001FCBE703380>), 'model__subsample': 0.8, 'model__reg_lambda': 1, 'model__reg_alpha': 0.1, 'model__n_estimators': 100, 'model__max_depth': 2, 'model__learning_rate': 0.08, 'model__colsample_bytree': 0.8}",,
XGBoost,13,1.1973557236989338,1.3449618682893936,-0.13927543875968973,"{'selector__k': 'all', 'selector': SelectKBest(score_func=<function mutual_info_regression at 0x000001FCBE703380>), 'model__subsample': 0.8, 'model__reg_lambda': 5, 'model__reg_alpha': 0.1, 'model__n_estimators': 100, 'model__max_depth': 2, 'model__learning_rate': 0.03, 'model__colsample_bytree': 0.8}",,
XGBoost,14,1.6365537815093993,2.332689042482111,0.17197405784706232,"{'selector__n_features_to_select': 10, 'selector': RFE(estimator=Ridge(), step=0.25), 'model__subsample': 0.8, 'model__reg_lambda': 5, 'model__reg_alpha': 0.1, 'model__n_estimators': 100, 'model__max_depth': 2, 'model__learning_rate': 0.03, 'model__colsample_bytree': 0.8}",,
XGBoost,15,1.6998874422709151,1.9421618005832828,-2.1381458401658913,"{'selector__k': 'all', 'selector': SelectKBest(score_func=<function mutual_info_regression at 0x000001FCBE703380>), 'model__subsample': 0.8, 'model__reg_lambda': 1, 'model__reg_alpha': 0.1, 'model__n_estimators': 100, 'model__max_depth': 2, 'model__learning_rate': 0.08, 'model__colsample_bytree': 0.8}",,
XGBoost,16,0.8111699807303295,0.9697434162137377,0.45969663029627705,"{'selector': SelectFromModel(estimator=ElasticNet(alpha=0.05, l1_ratio=0.8, max_iter=20000,
                                     random_state=42)), 'model__subsample': 0.8, 'model__reg_lambda': 1, 'model__reg_alpha': 0.1, 'model__n_estimators': 100, 'model__max_depth': 1, 'model__learning_rate': 0.08, 'model__colsample_bytree': 0.8}",,
XGBoost,17,2.229759367806571,2.4207620620380115,0.13596310781232435,"{'selector__k': 'all', 'selector': SelectKBest(score_func=<function mutual_info_regression at 0x000001FCBE703380>), 'model__subsample': 0.8, 'model__reg_lambda': 1, 'model__reg_alpha': 0.1, 'model__n_estimators': 100, 'model__max_depth': 1, 'model__learning_rate': 0.08, 'model__colsample_bytree': 0.8}",,
XGBoost,18,1.8795437456766766,2.167606603042892,-0.7235298408408788,"{'selector__k': 10, 'selector': SelectKBest(score_func=<function mutual_info_regression at 0x000001FCBE703380>), 'model__subsample': 0.8, 'model__reg_lambda': 1, 'model__reg_alpha': 0.1, 'model__n_estimators': 50, 'model__max_depth': 2, 'model__learning_rate': 0.08, 'model__colsample_bytree': 0.8}",,
XGBoost,19,1.693902912775675,1.945736051386619,-0.9003394297556748,"{'selector': SelectFromModel(estimator=ElasticNet(alpha=0.05, l1_ratio=0.8, max_iter=20000,
                                     random_state=42)), 'model__subsample': 0.8, 'model__reg_lambda': 1, 'model__reg_alpha': 0.1, 'model__n_estimators': 50, 'model__max_depth': 1, 'model__learning_rate': 0.08, 'model__colsample_bytree': 0.8}",,
XGBoost,20,2.0109032109578453,2.1998725971574586,-0.4056886392741186,"{'selector__k': 'all', 'selector': SelectKBest(score_func=<function mutual_info_regression at 0x000001FCBE703380>), 'model__subsample': 0.8, 'model__reg_lambda': 5, 'model__reg_alpha': 0.1, 'model__n_estimators': 50, 'model__max_depth': 2, 'model__learning_rate': 0.08, 'model__colsample_bytree': 0.8}",,
XGBoost,21,1.137216082436698,1.3083922454376222,-0.6176630461591122,"{'selector__k': 10, 'selector': SelectKBest(score_func=<function mutual_info_regression at 0x000001FCBE703380>), 'model__subsample': 0.8, 'model__reg_lambda': 1, 'model__reg_alpha': 0.1, 'model__n_estimators': 50, 'model__max_depth': 2, 'model__learning_rate': 0.03, 'model__colsample_bytree': 0.8}",,
XGBoost,22,1.7947158835274837,2.2345590023057667,-0.011425880195103044,"{'selector__k': 10, 'selector': SelectKBest(score_func=<function mutual_info_regression at 0x000001FCBE703380>), 'model__subsample': 0.8, 'model__reg_lambda': 5, 'model__reg_alpha': 0.1, 'model__n_estimators': 100, 'model__max_depth': 1, 'model__learning_rate': 0.08, 'model__colsample_bytree': 0.8}",,
XGBoost,23,1.449131851196289,1.8914980114185125,0.11170711274429113,"{'selector': SelectFromModel(estimator=ElasticNet(alpha=0.05, l1_ratio=0.8, max_iter=20000,
                                     random_state=42)), 'model__subsample': 0.8, 'model__reg_lambda': 1, 'model__reg_alpha': 0.1, 'model__n_estimators': 50, 'model__max_depth': 2, 'model__learning_rate': 0.03, 'model__colsample_bytree': 0.8}",,
XGBoost,24,1.1688766110738118,1.5054347731391724,-0.058447021926955944,"{'selector__k': 'all', 'selector': SelectKBest(score_func=<function mutual_info_regression at 0x000001FCBE703380>), 'model__subsample': 0.8, 'model__reg_lambda': 1, 'model__reg_alpha': 0.1, 'model__n_estimators': 50, 'model__max_depth': 1, 'model__learning_rate': 0.08, 'model__colsample_bytree': 0.8}",,
XGBoost,25,1.0177599703470865,1.0888308284982966,0.5183890032001899,"{'selector': SelectFromModel(estimator=ElasticNet(alpha=0.05, l1_ratio=0.8, max_iter=20000,
                                     random_state=42)), 'model__subsample': 0.8, 'model__reg_lambda': 1, 'model__reg_alpha': 0.1, 'model__n_estimators': 50, 'model__max_depth': 2, 'model__learning_rate': 0.03, 'model__colsample_bytree': 0.8}",,
XGBoost,26,1.3613936604091101,1.602682101667917,-0.09511670070989164,"{'selector__k': 'all', 'selector': SelectKBest(score_func=<function mutual_info_regression at 0x000001FCBE703380>), 'model__subsample': 0.8, 'model__reg_lambda': 1, 'model__reg_alpha': 0.1, 'model__n_estimators': 50, 'model__max_depth': 2, 'model__learning_rate': 0.08, 'model__colsample_bytree': 0.8}",,
XGBoost,27,0.983539093017578,1.3905446504045382,-0.7255642678884799,"{'selector__k': 'all', 'selector': SelectKBest(score_func=<function mutual_info_regression at 0x000001FCBE703380>), 'model__subsample': 0.8, 'model__reg_lambda': 5, 'model__reg_alpha': 0.1, 'model__n_estimators': 100, 'model__max_depth': 2, 'model__learning_rate': 0.08, 'model__colsample_bytree': 0.8}",,
XGBoost,28,0.8525735944112142,1.1266606066099145,0.22899709763121734,"{'selector__k': 'all', 'selector': SelectKBest(score_func=<function mutual_info_regression at 0x000001FCBE703380>), 'model__subsample': 0.8, 'model__reg_lambda': 5, 'model__reg_alpha': 0.1, 'model__n_estimators': 100, 'model__max_depth': 1, 'model__learning_rate': 0.03, 'model__colsample_bytree': 0.8}",,
XGBoost,29,1.7595115470886231,2.0858635041957454,0.34313382398308767,"{'selector__k': 10, 'selector': SelectKBest(score_func=<function mutual_info_regression at 0x000001FCBE703380>), 'model__subsample': 0.8, 'model__reg_lambda': 5, 'model__reg_alpha': 0.1, 'model__n_estimators': 50, 'model__max_depth': 2, 'model__learning_rate': 0.08, 'model__colsample_bytree': 0.8}",,
XGBoost,30,1.8091245714823405,2.0379937852739527,0.10279269072518704,"{'selector__k': 'all', 'selector': SelectKBest(score_func=<function mutual_info_regression at 0x000001FCBE703380>), 'model__subsample': 0.8, 'model__reg_lambda': 5, 'model__reg_alpha': 0.1, 'model__n_estimators': 50, 'model__max_depth': 2, 'model__learning_rate': 0.08, 'model__colsample_bytree': 0.8}",,
XGBoost,31,1.2664348520551412,1.5472456498460603,0.189974074862438,"{'selector__k': 10, 'selector': SelectKBest(score_func=<function mutual_info_regression at 0x000001FCBE703380>), 'model__subsample': 0.8, 'model__reg_lambda': 5, 'model__reg_alpha': 0.1, 'model__n_estimators': 50, 'model__max_depth': 1, 'model__learning_rate': 0.03, 'model__colsample_bytree': 0.8}",,
XGBoost,32,1.1800651882716586,1.4446388467963986,-0.47182622163310417,"{'selector__k': 10, 'selector': SelectKBest(score_func=<function mutual_info_regression at 0x000001FCBE703380>), 'model__subsample': 0.8, 'model__reg_lambda': 1, 'model__reg_alpha': 0.1, 'model__n_estimators': 100, 'model__max_depth': 1, 'model__learning_rate': 0.08, 'model__colsample_bytree': 0.8}",,
XGBoost,33,1.4043970559438073,1.7374241485104196,0.2707932898560754,"{'selector__k': 'all', 'selector': SelectKBest(score_func=<function mutual_info_regression at 0x000001FCBE703380>), 'model__subsample': 0.8, 'model__reg_lambda': 1, 'model__reg_alpha': 0.1, 'model__n_estimators': 100, 'model__max_depth': 2, 'model__learning_rate': 0.08, 'model__colsample_bytree': 0.8}",,
XGBoost,34,2.086447945912679,2.312661344091157,-0.01537328111416314,"{'selector__n_features_to_select': 10, 'selector': RFE(estimator=Ridge(), step=0.25), 'model__subsample': 0.8, 'model__reg_lambda': 5, 'model__reg_alpha': 0.1, 'model__n_estimators': 100, 'model__max_depth': 2, 'model__learning_rate': 0.08, 'model__colsample_bytree': 0.8}",,
XGBoost,35,1.4575902926127116,1.921047271719567,-2.180840868466509,"{'selector__n_features_to_select': 10, 'selector': RFE(estimator=Ridge(), step=0.25), 'model__subsample': 0.8, 'model__reg_lambda': 1, 'model__reg_alpha': 0.1, 'model__n_estimators': 100, 'model__max_depth': 1, 'model__learning_rate': 0.08, 'model__colsample_bytree': 0.8}",,
XGBoost,36,1.8140476008823938,2.285591505643901,0.06519522079774753,"{'selector__k': 10, 'selector': SelectKBest(score_func=<function mutual_info_regression at 0x000001FCBE703380>), 'model__subsample': 0.8, 'model__reg_lambda': 5, 'model__reg_alpha': 0.1, 'model__n_estimators': 50, 'model__max_depth': 2, 'model__learning_rate': 0.03, 'model__colsample_bytree': 0.8}",,
XGBoost,37,1.3699147807529997,1.683758087306159,-0.008863515822312706,"{'selector__k': 'all', 'selector': SelectKBest(score_func=<function mutual_info_regression at 0x000001FCBE703380>), 'model__subsample': 0.8, 'model__reg_lambda': 1, 'model__reg_alpha': 0.1, 'model__n_estimators': 50, 'model__max_depth': 2, 'model__learning_rate': 0.08, 'model__colsample_bytree': 0.8}",,
XGBoost,38,1.4692749716440836,1.5832534112295868,-0.3849336740116547,"{'selector__k': 'all', 'selector': SelectKBest(score_func=<function mutual_info_regression at 0x000001FCBE703380>), 'model__subsample': 0.8, 'model__reg_lambda': 1, 'model__reg_alpha': 0.1, 'model__n_estimators': 100, 'model__max_depth': 1, 'model__learning_rate': 0.08, 'model__colsample_bytree': 0.8}",,
XGBoost,39,0.7288742911020912,0.9092413009853928,-0.0028996551451010433,"{'selector__k': 10, 'selector': SelectKBest(score_func=<function mutual_info_regression at 0x000001FCBE703380>), 'model__subsample': 0.8, 'model__reg_lambda': 1, 'model__reg_alpha': 0.1, 'model__n_estimators': 50, 'model__max_depth': 2, 'model__learning_rate': 0.03, 'model__colsample_bytree': 0.8}",,
XGBoost,40,2.092630548477173,2.4993444538883374,-2.4867625408801506,"{'selector': SelectFromModel(estimator=ElasticNet(alpha=0.05, l1_ratio=0.8, max_iter=20000,
                                     random_state=42)), 'model__subsample': 0.8, 'model__reg_lambda': 1, 'model__reg_alpha': 0.1, 'model__n_estimators': 50, 'model__max_depth': 2, 'model__learning_rate': 0.08, 'model__colsample_bytree': 0.8}",,
XGBoost,41,1.255757120404925,1.6996871702952487,-0.10673714452338334,"{'selector__n_features_to_select': 10, 'selector': RFE(estimator=Ridge(), step=0.25), 'model__subsample': 0.8, 'model__reg_lambda': 1, 'model__reg_alpha': 0.1, 'model__n_estimators': 100, 'model__max_depth': 2, 'model__learning_rate': 0.03, 'model__colsample_bytree': 0.8}",,
XGBoost,42,0.9040975254603795,1.3258575607097964,-0.2563129256541983,"{'selector__n_features_to_select': 10, 'selector': RFE(estimator=Ridge(), step=0.25), 'model__subsample': 0.8, 'model__reg_lambda': 5, 'model__reg_alpha': 0.1, 'model__n_estimators': 100, 'model__max_depth': 2, 'model__learning_rate': 0.08, 'model__colsample_bytree': 0.8}",,
XGBoost,43,2.391388383229574,2.600533445793268,0.23827015103215898,"{'selector__k': 10, 'selector': SelectKBest(score_func=<function mutual_info_regression at 0x000001FCBE703380>), 'model__subsample': 0.8, 'model__reg_lambda': 5, 'model__reg_alpha': 0.1, 'model__n_estimators': 50, 'model__max_depth': 2, 'model__learning_rate': 0.03, 'model__colsample_bytree': 0.8}",,
XGBoost,44,1.1860900014241538,1.5005496568795127,-0.06394197351898101,"{'selector__k': 'all', 'selector': SelectKBest(score_func=<function mutual_info_regression at 0x000001FCBE703380>), 'model__subsample': 0.8, 'model__reg_lambda': 5, 'model__reg_alpha': 0.1, 'model__n_estimators': 100, 'model__max_depth': 2, 'model__learning_rate': 0.08, 'model__colsample_bytree': 0.8}",,
XGBoost,45,1.8098047428131103,2.127918960298056,-5.295519245409876,"{'selector__k': 10, 'selector': SelectKBest(score_func=<function mutual_info_regression at 0x000001FCBE703380>), 'model__subsample': 0.8, 'model__reg_lambda': 5, 'model__reg_alpha': 0.1, 'model__n_estimators': 100, 'model__max_depth': 1, 'model__learning_rate': 0.08, 'model__colsample_bytree': 0.8}",,
XGBoost,46,1.4711279122488838,1.9130996396404514,0.39785477548978687,"{'selector__k': 'all', 'selector': SelectKBest(score_func=<function mutual_info_regression at 0x000001FCBE703380>), 'model__subsample': 0.8, 'model__reg_lambda': 5, 'model__reg_alpha': 0.1, 'model__n_estimators': 50, 'model__max_depth': 2, 'model__learning_rate': 0.08, 'model__colsample_bytree': 0.8}",,
XGBoost,47,0.7467446735927036,1.2094664866154974,0.42993534127015554,"{'selector__k': 'all', 'selector': SelectKBest(score_func=<function mutual_info_regression at 0x000001FCBE703380>), 'model__subsample': 0.8, 'model__reg_lambda': 1, 'model__reg_alpha': 0.1, 'model__n_estimators': 50, 'model__max_depth': 2, 'model__learning_rate': 0.08, 'model__colsample_bytree': 0.8}",,
XGBoost,48,1.71805938911438,1.843231540899444,-2.307729628667946,"{'selector__k': 'all', 'selector': SelectKBest(score_func=<function mutual_info_regression at 0x000001FCBE703380>), 'model__subsample': 0.8, 'model__reg_lambda': 1, 'model__reg_alpha': 0.1, 'model__n_estimators': 50, 'model__max_depth': 1, 'model__learning_rate': 0.08, 'model__colsample_bytree': 0.8}",,
XGBoost,49,1.819776500701904,1.9382077277002203,-1.275088804759895,"{'selector__k': 'all', 'selector': SelectKBest(score_func=<function mutual_info_regression at 0x000001FCBE703380>), 'model__subsample': 0.8, 'model__reg_lambda': 1, 'model__reg_alpha': 0.1, 'model__n_estimators': 100, 'model__max_depth': 1, 'model__learning_rate': 0.03, 'model__colsample_bytree': 0.8}",,
XGBoost,50,1.4644625104268394,1.7283072389264609,-4.441474276030792,"{'selector__k': 'all', 'selector': SelectKBest(score_func=<function mutual_info_regression at 0x000001FCBE703380>), 'model__subsample': 0.8, 'model__reg_lambda': 5, 'model__reg_alpha': 0.1, 'model__n_estimators': 100, 'model__max_depth': 1, 'model__learning_rate': 0.08, 'model__colsample_bytree': 0.8}",,
XGBoost,51,0.8580138871329174,1.1574048070147736,0.20687697653026493,"{'selector__n_features_to_select': 10, 'selector': RFE(estimator=Ridge(), step=0.25), 'model__subsample': 0.8, 'model__reg_lambda': 1, 'model__reg_alpha': 0.1, 'model__n_estimators': 50, 'model__max_depth': 2, 'model__learning_rate': 0.08, 'model__colsample_bytree': 0.8}",,
XGBoost,52,1.4320468913487028,1.9213398365570462,0.35983372316171025,"{'selector__k': 'all', 'selector': SelectKBest(score_func=<function mutual_info_regression at 0x000001FCBE703380>), 'model__subsample': 0.8, 'model__reg_lambda': 1, 'model__reg_alpha': 0.1, 'model__n_estimators': 50, 'model__max_depth': 2, 'model__learning_rate': 0.08, 'model__colsample_bytree': 0.8}",,
XGBoost,53,1.4264117571512862,1.7972203187408249,0.048163889014209316,"{'selector__k': 'all', 'selector': SelectKBest(score_func=<function mutual_info_regression at 0x000001FCBE703380>), 'model__subsample': 0.8, 'model__reg_lambda': 5, 'model__reg_alpha': 0.1, 'model__n_estimators': 50, 'model__max_depth': 2, 'model__learning_rate': 0.08, 'model__colsample_bytree': 0.8}",,
XGBoost,54,1.5350763994852705,1.889500786638154,-0.6105298303814808,"{'selector__k': 'all', 'selector': SelectKBest(score_func=<function mutual_info_regression at 0x000001FCBE703380>), 'model__subsample': 0.8, 'model__reg_lambda': 1, 'model__reg_alpha': 0.1, 'model__n_estimators': 100, 'model__max_depth': 2, 'model__learning_rate': 0.03, 'model__colsample_bytree': 0.8}",,
XGBoost,55,1.092725402832031,1.3212754678433984,-0.09375219114051547,"{'selector': SelectFromModel(estimator=ElasticNet(alpha=0.05, l1_ratio=0.8, max_iter=20000,
                                     random_state=42)), 'model__subsample': 0.8, 'model__reg_lambda': 5, 'model__reg_alpha': 0.1, 'model__n_estimators': 100, 'model__max_depth': 2, 'model__learning_rate': 0.03, 'model__colsample_bytree': 0.8}",,
XGBoost,56,1.6746778918675016,2.223075608260296,-0.0003085378245062387,"{'selector__n_features_to_select': 10, 'selector': RFE(estimator=Ridge(), step=0.25), 'model__subsample': 0.8, 'model__reg_lambda': 5, 'model__reg_alpha': 0.1, 'model__n_estimators': 50, 'model__max_depth': 2, 'model__learning_rate': 0.08, 'model__colsample_bytree': 0.8}",,
XGBoost,57,0.6052630288260322,0.6956239479809716,0.5028714060733284,"{'selector__k': 10, 'selector': SelectKBest(score_func=<function mutual_info_regression at 0x000001FCBE703380>), 'model__subsample': 0.8, 'model__reg_lambda': 1, 'model__reg_alpha': 0.1, 'model__n_estimators': 50, 'model__max_depth': 1, 'model__learning_rate': 0.08, 'model__colsample_bytree': 0.8}",,
XGBoost,58,1.1313128013610843,1.4933248384094207,0.11373336968917669,"{'selector__k': 'all', 'selector': SelectKBest(score_func=<function mutual_info_regression at 0x000001FCBE703380>), 'model__subsample': 0.8, 'model__reg_lambda': 1, 'model__reg_alpha': 0.1, 'model__n_estimators': 50, 'model__max_depth': 2, 'model__learning_rate': 0.08, 'model__colsample_bytree': 0.8}",,
XGBoost,59,2.0488009452819824,2.090183996773013,-0.8558176015345993,"{'selector__k': 'all', 'selector': SelectKBest(score_func=<function mutual_info_regression at 0x000001FCBE703380>), 'model__subsample': 0.8, 'model__reg_lambda': 1, 'model__reg_alpha': 0.1, 'model__n_estimators': 50, 'model__max_depth': 2, 'model__learning_rate': 0.08, 'model__colsample_bytree': 0.8}",,
XGBoost,60,1.3768788388570148,1.8090916260150334,0.2162952087673894,"{'selector__n_features_to_select': 10, 'selector': RFE(estimator=Ridge(), step=0.25), 'model__subsample': 0.8, 'model__reg_lambda': 1, 'model__reg_alpha': 0.1, 'model__n_estimators': 100, 'model__max_depth': 1, 'model__learning_rate': 0.03, 'model__colsample_bytree': 0.8}",,
XGBoost,61,1.4607760947091235,1.8530631127879467,-1.5109593617853552,"{'selector__k': 10, 'selector': SelectKBest(score_func=<function mutual_info_regression at 0x000001FCBE703380>), 'model__subsample': 0.8, 'model__reg_lambda': 5, 'model__reg_alpha': 0.1, 'model__n_estimators': 100, 'model__max_depth': 2, 'model__learning_rate': 0.08, 'model__colsample_bytree': 0.8}",,
XGBoost,62,1.5499290766034808,1.7248118043333829,-0.4544641238374536,"{'selector__k': 'all', 'selector': SelectKBest(score_func=<function mutual_info_regression at 0x000001FCBE703380>), 'model__subsample': 0.8, 'model__reg_lambda': 5, 'model__reg_alpha': 0.1, 'model__n_estimators': 100, 'model__max_depth': 1, 'model__learning_rate': 0.08, 'model__colsample_bytree': 0.8}",,
XGBoost,63,1.253974531809489,1.5641409657451848,0.07215602365581852,"{'selector__k': 'all', 'selector': SelectKBest(score_func=<function mutual_info_regression at 0x000001FCBE703380>), 'model__subsample': 0.8, 'model__reg_lambda': 1, 'model__reg_alpha': 0.1, 'model__n_estimators': 100, 'model__max_depth': 1, 'model__learning_rate': 0.08, 'model__colsample_bytree': 0.8}",,
XGBoost,64,1.5760356839497884,1.977796170071466,-0.44858572935558105,"{'selector': SelectFromModel(estimator=ElasticNet(alpha=0.05, l1_ratio=0.8, max_iter=20000,
                                     random_state=42)), 'model__subsample': 0.8, 'model__reg_lambda': 1, 'model__reg_alpha': 0.1, 'model__n_estimators': 50, 'model__max_depth': 1, 'model__learning_rate': 0.03, 'model__colsample_bytree': 0.8}",,
XGBoost,65,1.7874306278228762,2.3297059805217346,0.20766636687417916,"{'selector__k': 10, 'selector': SelectKBest(score_func=<function mutual_info_regression at 0x000001FCBE703380>), 'model__subsample': 0.8, 'model__reg_lambda': 1, 'model__reg_alpha': 0.1, 'model__n_estimators': 50, 'model__max_depth': 1, 'model__learning_rate': 0.03, 'model__colsample_bytree': 0.8}",,
XGBoost,66,1.0771391002110073,1.3564126372385679,0.011270940770054527,"{'selector__k': 'all', 'selector': SelectKBest(score_func=<function mutual_info_regression at 0x000001FCBE703380>), 'model__subsample': 0.8, 'model__reg_lambda': 5, 'model__reg_alpha': 0.1, 'model__n_estimators': 50, 'model__max_depth': 2, 'model__learning_rate': 0.08, 'model__colsample_bytree': 0.8}",,
XGBoost,67,1.746525862012591,2.088097276803466,0.29056175938769246,"{'selector__k': 'all', 'selector': SelectKBest(score_func=<function mutual_info_regression at 0x000001FCBE703380>), 'model__subsample': 0.8, 'model__reg_lambda': 5, 'model__reg_alpha': 0.1, 'model__n_estimators': 50, 'model__max_depth': 2, 'model__learning_rate': 0.08, 'model__colsample_bytree': 0.8}",,
XGBoost,68,1.4981599585215253,1.7065809856375216,0.32002408667492466,"{'selector': SelectFromModel(estimator=ElasticNet(alpha=0.05, l1_ratio=0.8, max_iter=20000,
                                     random_state=42)), 'model__subsample': 0.8, 'model__reg_lambda': 5, 'model__reg_alpha': 0.1, 'model__n_estimators': 100, 'model__max_depth': 2, 'model__learning_rate': 0.03, 'model__colsample_bytree': 0.8}",,
XGBoost,69,1.1761830806732179,1.314369241782594,0.40767948006803956,"{'selector__n_features_to_select': 10, 'selector': RFE(estimator=Ridge(), step=0.25), 'model__subsample': 0.8, 'model__reg_lambda': 5, 'model__reg_alpha': 0.1, 'model__n_estimators': 100, 'model__max_depth': 2, 'model__learning_rate': 0.03, 'model__colsample_bytree': 0.8}",,
XGBoost,70,1.000960166931152,1.4288276289689872,-0.7726089083216263,"{'selector__k': 'all', 'selector': SelectKBest(score_func=<function mutual_info_regression at 0x000001FCBE703380>), 'model__subsample': 0.8, 'model__reg_lambda': 5, 'model__reg_alpha': 0.1, 'model__n_estimators': 100, 'model__max_depth': 2, 'model__learning_rate': 0.08, 'model__colsample_bytree': 0.8}",,
XGBoost,71,1.4417703465053013,1.6987369002156978,0.10637904290827582,"{'selector__k': 10, 'selector': SelectKBest(score_func=<function mutual_info_regression at 0x000001FCBE703380>), 'model__subsample': 0.8, 'model__reg_lambda': 5, 'model__reg_alpha': 0.1, 'model__n_estimators': 100, 'model__max_depth': 1, 'model__learning_rate': 0.03, 'model__colsample_bytree': 0.8}",,
XGBoost,72,2.257194888523647,2.538234726811329,0.060370593503925596,"{'selector__k': 10, 'selector': SelectKBest(score_func=<function mutual_info_regression at 0x000001FCBE703380>), 'model__subsample': 0.8, 'model__reg_lambda': 1, 'model__reg_alpha': 0.1, 'model__n_estimators': 50, 'model__max_depth': 2, 'model__learning_rate': 0.08, 'model__colsample_bytree': 0.8}",,
XGBoost,73,1.301006576538086,1.49698887030101,-0.6145913684385427,"{'selector__k': 'all', 'selector': SelectKBest(score_func=<function mutual_info_regression at 0x000001FCBE703380>), 'model__subsample': 0.8, 'model__reg_lambda': 1, 'model__reg_alpha': 0.1, 'model__n_estimators': 50, 'model__max_depth': 2, 'model__learning_rate': 0.08, 'model__colsample_bytree': 0.8}",,
XGBoost,74,1.2325762990315752,1.5892101212922036,0.27834549352868554,"{'selector__k': 'all', 'selector': SelectKBest(score_func=<function mutual_info_regression at 0x000001FCBE703380>), 'model__subsample': 0.8, 'model__reg_lambda': 5, 'model__reg_alpha': 0.1, 'model__n_estimators': 100, 'model__max_depth': 2, 'model__learning_rate': 0.03, 'model__colsample_bytree': 0.8}",,
XGBoost,75,0.992277821222941,1.2037306146419622,-0.29740975169846506,"{'selector__k': 10, 'selector': SelectKBest(score_func=<function mutual_info_regression at 0x000001FCBE703380>), 'model__subsample': 0.8, 'model__reg_lambda': 1, 'model__reg_alpha': 0.1, 'model__n_estimators': 100, 'model__max_depth': 2, 'model__learning_rate': 0.08, 'model__colsample_bytree': 0.8}",,
XGBoost,76,2.1937239772251678,2.4246121427260787,-3.0538889225405086,"{'selector__k': 'all', 'selector': SelectKBest(score_func=<function mutual_info_regression at 0x000001FCBE703380>), 'model__subsample': 0.8, 'model__reg_lambda': 5, 'model__reg_alpha': 0.1, 'model__n_estimators': 50, 'model__max_depth': 1, 'model__learning_rate': 0.08, 'model__colsample_bytree': 0.8}",,
XGBoost,77,2.236454100472587,2.595297692003796,-1.6144533257603095,"{'selector__n_features_to_select': 10, 'selector': RFE(estimator=Ridge(), step=0.25), 'model__subsample': 0.8, 'model__reg_lambda': 1, 'model__reg_alpha': 0.1, 'model__n_estimators': 100, 'model__max_depth': 2, 'model__learning_rate': 0.03, 'model__colsample_bytree': 0.8}",,
XGBoost,78,1.2086846160888671,1.4472343553143503,0.037239060714943206,"{'selector__k': 'all', 'selector': SelectKBest(score_func=<function mutual_info_regression at 0x000001FCBE703380>), 'model__subsample': 0.8, 'model__reg_lambda': 5, 'model__reg_alpha': 0.1, 'model__n_estimators': 50, 'model__max_depth': 2, 'model__learning_rate': 0.03, 'model__colsample_bytree': 0.8}",,
XGBoost,79,1.261023255666097,1.5619941021275117,0.37919486403281943,"{'selector__k': 'all', 'selector': SelectKBest(score_func=<function mutual_info_regression at 0x000001FCBE703380>), 'model__subsample': 0.8, 'model__reg_lambda': 1, 'model__reg_alpha': 0.1, 'model__n_estimators': 50, 'model__max_depth': 2, 'model__learning_rate': 0.08, 'model__colsample_bytree': 0.8}",,
XGBoost,80,1.2274719988505045,1.7398264144644995,-1.727415156452961,"{'selector__k': 'all', 'selector': SelectKBest(score_func=<function mutual_info_regression at 0x000001FCBE703380>), 'model__subsample': 0.8, 'model__reg_lambda': 1, 'model__reg_alpha': 0.1, 'model__n_estimators': 100, 'model__max_depth': 2, 'model__learning_rate': 0.08, 'model__colsample_bytree': 0.8}",,
XGBoost,81,1.7465519125802176,2.21436792186301,-0.21071175240872364,"{'selector__n_features_to_select': 10, 'selector': RFE(estimator=Ridge(), step=0.25), 'model__subsample': 0.8, 'model__reg_lambda': 1, 'model__reg_alpha': 0.1, 'model__n_estimators': 50, 'model__max_depth': 1, 'model__learning_rate': 0.08, 'model__colsample_bytree': 0.8}",,
XGBoost,82,1.2888630387442455,1.4136282417486603,-0.0435322341237121,"{'selector': SelectFromModel(estimator=ElasticNet(alpha=0.05, l1_ratio=0.8, max_iter=20000,
                                     random_state=42)), 'model__subsample': 0.8, 'model__reg_lambda': 1, 'model__reg_alpha': 0.1, 'model__n_estimators': 50, 'model__max_depth': 1, 'model__learning_rate': 0.03, 'model__colsample_bytree': 0.8}",,
XGBoost,83,1.8427565434773765,2.2092253147161993,0.3001163296437167,"{'selector__k': 10, 'selector': SelectKBest(score_func=<function mutual_info_regression at 0x000001FCBE703380>), 'model__subsample': 0.8, 'model__reg_lambda': 5, 'model__reg_alpha': 0.1, 'model__n_estimators': 50, 'model__max_depth': 2, 'model__learning_rate': 0.03, 'model__colsample_bytree': 0.8}",,
XGBoost,84,1.6962940076192219,2.0251981066953166,-3.9472048025412914,"{'selector__k': 'all', 'selector': SelectKBest(score_func=<function mutual_info_regression at 0x000001FCBE703380>), 'model__subsample': 0.8, 'model__reg_lambda': 5, 'model__reg_alpha': 0.1, 'model__n_estimators': 100, 'model__max_depth': 2, 'model__learning_rate': 0.03, 'model__colsample_bytree': 0.8}",,
XGBoost,85,1.6763609434763591,1.7895048716110886,-0.5130878997643449,"{'selector__k': 10, 'selector': SelectKBest(score_func=<function mutual_info_regression at 0x000001FCBE703380>), 'model__subsample': 0.8, 'model__reg_lambda': 1, 'model__reg_alpha': 0.1, 'model__n_estimators': 50, 'model__max_depth': 2, 'model__learning_rate': 0.03, 'model__colsample_bytree': 0.8}",,
XGBoost,86,1.3726370380946566,1.6789803665645726,-1.1862131523122739,"{'selector': SelectFromModel(estimator=ElasticNet(alpha=0.05, l1_ratio=0.8, max_iter=20000,
                                     random_state=42)), 'model__subsample': 0.8, 'model__reg_lambda': 1, 'model__reg_alpha': 0.1, 'model__n_estimators': 50, 'model__max_depth': 2, 'model__learning_rate': 0.08, 'model__colsample_bytree': 0.8}",,
XGBoost,87,1.3529121627807617,1.8040725344788968,-0.17743778617882278,"{'selector__n_features_to_select': 10, 'selector': RFE(estimator=Ridge(), step=0.25), 'model__subsample': 0.8, 'model__reg_lambda': 5, 'model__reg_alpha': 0.1, 'model__n_estimators': 50, 'model__max_depth': 2, 'model__learning_rate': 0.08, 'model__colsample_bytree': 0.8}",,
XGBoost,88,1.5990032221476238,2.1415950366663385,0.3510861889128145,"{'selector__k': 10, 'selector': SelectKBest(score_func=<function mutual_info_regression at 0x000001FCBE703380>), 'model__subsample': 0.8, 'model__reg_lambda': 5, 'model__reg_alpha': 0.1, 'model__n_estimators': 100, 'model__max_depth': 2, 'model__learning_rate': 0.08, 'model__colsample_bytree': 0.8}",,
XGBoost,89,1.27631268119812,1.3834935044482706,0.20703776187277168,"{'selector__k': 10, 'selector': SelectKBest(score_func=<function mutual_info_regression at 0x000001FCBE703380>), 'model__subsample': 0.8, 'model__reg_lambda': 5, 'model__reg_alpha': 0.1, 'model__n_estimators': 50, 'model__max_depth': 2, 'model__learning_rate': 0.03, 'model__colsample_bytree': 0.8}",,
XGBoost,90,0.88357430267334,1.0357547937750682,0.611543214960159,"{'selector__n_features_to_select': 10, 'selector': RFE(estimator=Ridge(), step=0.25), 'model__subsample': 0.8, 'model__reg_lambda': 5, 'model__reg_alpha': 0.1, 'model__n_estimators': 50, 'model__max_depth': 2, 'model__learning_rate': 0.08, 'model__colsample_bytree': 0.8}",,
XGBoost,91,1.501903533935547,1.8723244189084638,0.1773859233171171,"{'selector': SelectFromModel(estimator=ElasticNet(alpha=0.05, l1_ratio=0.8, max_iter=20000,
                                     random_state=42)), 'model__subsample': 0.8, 'model__reg_lambda': 5, 'model__reg_alpha': 0.1, 'model__n_estimators': 50, 'model__max_depth': 2, 'model__learning_rate': 0.03, 'model__colsample_bytree': 0.8}",,
XGBoost,92,1.265905876704625,1.624706996485484,0.05763328665104839,"{'selector': SelectFromModel(estimator=ElasticNet(alpha=0.05, l1_ratio=0.8, max_iter=20000,
                                     random_state=42)), 'model__subsample': 0.8, 'model__reg_lambda': 5, 'model__reg_alpha': 0.1, 'model__n_estimators': 100, 'model__max_depth': 1, 'model__learning_rate': 0.03, 'model__colsample_bytree': 0.8}",,
XGBoost,93,1.351203294754028,1.5906813957538746,-0.4612750857920713,"{'selector__k': 10, 'selector': SelectKBest(score_func=<function mutual_info_regression at 0x000001FCBE703380>), 'model__subsample': 0.8, 'model__reg_lambda': 5, 'model__reg_alpha': 0.1, 'model__n_estimators': 100, 'model__max_depth': 2, 'model__learning_rate': 0.03, 'model__colsample_bytree': 0.8}",,
XGBoost,94,1.351172410329183,1.7042722320225143,-0.3099508379389331,"{'selector__k': 'all', 'selector': SelectKBest(score_func=<function mutual_info_regression at 0x000001FCBE703380>), 'model__subsample': 0.8, 'model__reg_lambda': 1, 'model__reg_alpha': 0.1, 'model__n_estimators': 100, 'model__max_depth': 2, 'model__learning_rate': 0.03, 'model__colsample_bytree': 0.8}",,
XGBoost,95,1.3341185048421227,1.7187623884029954,0.3983680839252335,"{'selector__n_features_to_select': 10, 'selector': RFE(estimator=Ridge(), step=0.25), 'model__subsample': 0.8, 'model__reg_lambda': 5, 'model__reg_alpha': 0.1, 'model__n_estimators': 100, 'model__max_depth': 1, 'model__learning_rate': 0.08, 'model__colsample_bytree': 0.8}",,
XGBoost,96,1.8949383653913225,2.3007130177142825,0.11358301940316362,"{'selector__k': 'all', 'selector': SelectKBest(score_func=<function mutual_info_regression at 0x000001FCBE703380>), 'model__subsample': 0.8, 'model__reg_lambda': 1, 'model__reg_alpha': 0.1, 'model__n_estimators': 100, 'model__max_depth': 1, 'model__learning_rate': 0.08, 'model__colsample_bytree': 0.8}",,
XGBoost,97,1.3738944222586496,1.6555329314527891,0.30435543850541047,"{'selector': SelectFromModel(estimator=ElasticNet(alpha=0.05, l1_ratio=0.8, max_iter=20000,
                                     random_state=42)), 'model__subsample': 0.8, 'model__reg_lambda': 1, 'model__reg_alpha': 0.1, 'model__n_estimators': 100, 'model__max_depth': 2, 'model__learning_rate': 0.08, 'model__colsample_bytree': 0.8}",,
XGBoost,98,0.8944077364603679,1.0649528155370862,0.15410367632103306,"{'selector__k': 10, 'selector': SelectKBest(score_func=<function mutual_info_regression at 0x000001FCBE703380>), 'model__subsample': 0.8, 'model__reg_lambda': 1, 'model__reg_alpha': 0.1, 'model__n_estimators': 50, 'model__max_depth': 2, 'model__learning_rate': 0.03, 'model__colsample_bytree': 0.8}",,
XGBoost,99,1.8300857067108154,2.0125944039746018,-6.882124565230044,"{'selector__k': 'all', 'selector': SelectKBest(score_func=<function mutual_info_regression at 0x000001FCBE703380>), 'model__subsample': 0.8, 'model__reg_lambda': 1, 'model__reg_alpha': 0.1, 'model__n_estimators': 100, 'model__max_depth': 1, 'model__learning_rate': 0.03, 'model__colsample_bytree': 0.8}",,
XGBoost,100,1.218168562571208,1.645011241775045,-0.2776272093684473,"{'selector__k': 'all', 'selector': SelectKBest(score_func=<function mutual_info_regression at 0x000001FCBE703380>), 'model__subsample': 0.8, 'model__reg_lambda': 1, 'model__reg_alpha': 0.1, 'model__n_estimators': 50, 'model__max_depth': 2, 'model__learning_rate': 0.08, 'model__colsample_bytree': 0.8}",,
XGBoost,OOF_SUMMARY,1.4543062983751298,1.79915626108646,0.07681842561485264,"{'selector__n_features_to_select': 10, 'selector': RFE(estimator=Ridge(), step=0.25), 'model__subsample': 0.8, 'model__reg_lambda': 1, 'model__reg_alpha': 0.1, 'model__n_estimators': 50, 'model__max_depth': 2, 'model__learning_rate': 0.03, 'model__colsample_bytree': 0.8}",0.3984969313776232,"{'selector__n_features_to_select': 10, 'selector': RFE(estimator=Ridge(), step=0.25), 'model__subsample': 0.8, 'model__reg_lambda': 1, 'model__reg_alpha': 0.1, 'model__n_estimators': 50, 'model__max_depth': 2, 'model__learning_rate': 0.03, 'model__colsample_bytree': 0.8}"
LightGBM,1,1.3873303851215408,1.883175731488677,0.2120824215186614,"{'selector__k': 'all', 'selector': SelectKBest(score_func=<function mutual_info_regression at 0x000001FCBE703380>), 'model__reg_lambda': 5, 'model__reg_alpha': 0.1, 'model__num_leaves': 5, 'model__n_estimators': 80, 'model__min_child_samples': 2, 'model__max_depth': 1, 'model__learning_rate': 0.03}",,
LightGBM,2,1.3703758215768762,1.547817380541748,-0.04809852390094549,"{'selector__n_features_to_select': 10, 'selector': RFE(estimator=Ridge(), step=0.25), 'model__reg_lambda': 1, 'model__reg_alpha': 0.1, 'model__num_leaves': 5, 'model__n_estimators': 30, 'model__min_child_samples': 2, 'model__max_depth': 2, 'model__learning_rate': 0.08}",,
LightGBM,3,0.697699172672891,0.83215955027032,0.5400718407254887,"{'selector__n_features_to_select': 10, 'selector': RFE(estimator=Ridge(), step=0.25), 'model__reg_lambda': 1, 'model__reg_alpha': 0.1, 'model__num_leaves': 3, 'model__n_estimators': 80, 'model__min_child_samples': 2, 'model__max_depth': 2, 'model__learning_rate': 0.08}",,
LightGBM,4,1.8342817126215536,2.0400409679428035,-5.882220969442767,"{'selector__n_features_to_select': 10, 'selector': RFE(estimator=Ridge(), step=0.25), 'model__reg_lambda': 5, 'model__reg_alpha': 0.1, 'model__num_leaves': 5, 'model__n_estimators': 30, 'model__min_child_samples': 2, 'model__max_depth': 1, 'model__learning_rate': 0.08}",,
LightGBM,5,1.9688691893085528,2.213722582212494,-0.10147890413017069,"{'selector': SelectFromModel(estimator=ElasticNet(alpha=0.05, l1_ratio=0.8, max_iter=20000,
                                     random_state=42)), 'model__reg_lambda': 5, 'model__reg_alpha': 0.1, 'model__num_leaves': 5, 'model__n_estimators': 80, 'model__min_child_samples': 2, 'model__max_depth': 1, 'model__learning_rate': 0.03}",,
LightGBM,6,1.631772379381544,2.019258515268381,-0.014521144112871642,"{'selector__k': 10, 'selector': SelectKBest(score_func=<function mutual_info_regression at 0x000001FCBE703380>), 'model__reg_lambda': 1, 'model__reg_alpha': 0.1, 'model__num_leaves': 3, 'model__n_estimators': 80, 'model__min_child_samples': 2, 'model__max_depth': 1, 'model__learning_rate': 0.08}",,
LightGBM,7,1.131006415833897,1.333025550134174,0.032418278713385096,"{'selector__n_features_to_select': 10, 'selector': RFE(estimator=Ridge(), step=0.25), 'model__reg_lambda': 5, 'model__reg_alpha': 0.1, 'model__num_leaves': 3, 'model__n_estimators': 30, 'model__min_child_samples': 2, 'model__max_depth': 1, 'model__learning_rate': 0.08}",,
LightGBM,8,1.4357251093131633,1.7478609441525117,-2.3593100645315945,"{'selector': SelectFromModel(estimator=ElasticNet(alpha=0.05, l1_ratio=0.8, max_iter=20000,
                                     random_state=42)), 'model__reg_lambda': 1, 'model__reg_alpha': 0.1, 'model__num_leaves': 5, 'model__n_estimators': 80, 'model__min_child_samples': 2, 'model__max_depth': 2, 'model__learning_rate': 0.03}",,
LightGBM,9,1.283263396621644,1.4215411447682544,0.0293417997228681,"{'selector__n_features_to_select': 10, 'selector': RFE(estimator=Ridge(), step=0.25), 'model__reg_lambda': 5, 'model__reg_alpha': 0.1, 'model__num_leaves': 5, 'model__n_estimators': 80, 'model__min_child_samples': 2, 'model__max_depth': 2, 'model__learning_rate': 0.08}",,
LightGBM,10,1.6492427869768822,2.291540462620697,0.18916819596304812,"{'selector__n_features_to_select': 10, 'selector': RFE(estimator=Ridge(), step=0.25), 'model__reg_lambda': 1, 'model__reg_alpha': 0.1, 'model__num_leaves': 5, 'model__n_estimators': 80, 'model__min_child_samples': 2, 'model__max_depth': 1, 'model__learning_rate': 0.03}",,
LightGBM,11,1.5760523701400069,1.6618438176302481,0.07693967374932886,"{'selector__k': 10, 'selector': SelectKBest(score_func=<function mutual_info_regression at 0x000001FCBE703380>), 'model__reg_lambda': 1, 'model__reg_alpha': 0.1, 'model__num_leaves': 3, 'model__n_estimators': 30, 'model__min_child_samples': 2, 'model__max_depth': 1, 'model__learning_rate': 0.03}",,
LightGBM,12,1.8717578213720534,2.191041092945921,-2.579119874996142,"{'selector__k': 10, 'selector': SelectKBest(score_func=<function mutual_info_regression at 0x000001FCBE703380>), 'model__reg_lambda': 5, 'model__reg_alpha': 0.1, 'model__num_leaves': 3, 'model__n_estimators': 80, 'model__min_child_samples': 2, 'model__max_depth': 2, 'model__learning_rate': 0.08}",,
LightGBM,13,1.2974150744326358,1.3402253936375206,-0.1312653267849273,"{'selector__k': 'all', 'selector': SelectKBest(score_func=<function mutual_info_regression at 0x000001FCBE703380>), 'model__reg_lambda': 5, 'model__reg_alpha': 0.1, 'model__num_leaves': 5, 'model__n_estimators': 30, 'model__min_child_samples': 2, 'model__max_depth': 2, 'model__learning_rate': 0.03}",,
LightGBM,14,1.6986208461552845,2.2432006108658196,0.23428620041684756,"{'selector__k': 10, 'selector': SelectKBest(score_func=<function mutual_info_regression at 0x000001FCBE703380>), 'model__reg_lambda': 5, 'model__reg_alpha': 0.1, 'model__num_leaves': 3, 'model__n_estimators': 30, 'model__min_child_samples': 2, 'model__max_depth': 2, 'model__learning_rate': 0.03}",,
LightGBM,15,2.013540322663984,2.1953326227773897,-3.0096177245948317,"{'selector__k': 'all', 'selector': SelectKBest(score_func=<function mutual_info_regression at 0x000001FCBE703380>), 'model__reg_lambda': 1, 'model__reg_alpha': 0.1, 'model__num_leaves': 5, 'model__n_estimators': 80, 'model__min_child_samples': 2, 'model__max_depth': 1, 'model__learning_rate': 0.08}",,
LightGBM,16,0.8885131590606902,1.1048150035511692,0.29870115545538733,"{'selector__n_features_to_select': 10, 'selector': RFE(estimator=Ridge(), step=0.25), 'model__reg_lambda': 1, 'model__reg_alpha': 0.1, 'model__num_leaves': 5, 'model__n_estimators': 80, 'model__min_child_samples': 2, 'model__max_depth': 1, 'model__learning_rate': 0.03}",,
LightGBM,17,2.065557609905008,2.4488603784608296,0.11578856665216875,"{'selector': SelectFromModel(estimator=ElasticNet(alpha=0.05, l1_ratio=0.8, max_iter=20000,
                                     random_state=42)), 'model__reg_lambda': 5, 'model__reg_alpha': 0.1, 'model__num_leaves': 3, 'model__n_estimators': 30, 'model__min_child_samples': 2, 'model__max_depth': 2, 'model__learning_rate': 0.08}",,
LightGBM,18,1.461088944464916,1.6192854145808366,0.03815590161895133,"{'selector__k': 'all', 'selector': SelectKBest(score_func=<function mutual_info_regression at 0x000001FCBE703380>), 'model__reg_lambda': 1, 'model__reg_alpha': 0.1, 'model__num_leaves': 5, 'model__n_estimators': 80, 'model__min_child_samples': 2, 'model__max_depth': 2, 'model__learning_rate': 0.08}",,
LightGBM,19,1.5933671925921828,1.9056129381274793,-0.8227735315961338,"{'selector__n_features_to_select': 10, 'selector': RFE(estimator=Ridge(), step=0.25), 'model__reg_lambda': 1, 'model__reg_alpha': 0.1, 'model__num_leaves': 3, 'model__n_estimators': 30, 'model__min_child_samples': 2, 'model__max_depth': 2, 'model__learning_rate': 0.03}",,
LightGBM,20,2.084961455655661,2.245918518403461,-0.46514992490929385,"{'selector__k': 10, 'selector': SelectKBest(score_func=<function mutual_info_regression at 0x000001FCBE703380>), 'model__reg_lambda': 1, 'model__reg_alpha': 0.1, 'model__num_leaves': 3, 'model__n_estimators': 80, 'model__min_child_samples': 2, 'model__max_depth': 1, 'model__learning_rate': 0.08}",,
LightGBM,21,0.8184819000201172,1.1170983548730176,-0.17922035222875077,"{'selector__k': 10, 'selector': SelectKBest(score_func=<function mutual_info_regression at 0x000001FCBE703380>), 'model__reg_lambda': 1, 'model__reg_alpha': 0.1, 'model__num_leaves': 3, 'model__n_estimators': 80, 'model__min_child_samples': 2, 'model__max_depth': 1, 'model__learning_rate': 0.08}",,
LightGBM,22,1.7768528990966401,2.2209634593277654,0.0008441492151993746,"{'selector__k': 10, 'selector': SelectKBest(score_func=<function mutual_info_regression at 0x000001FCBE703380>), 'model__reg_lambda': 5, 'model__reg_alpha': 0.1, 'model__num_leaves': 5, 'model__n_estimators': 80, 'model__min_child_samples': 2, 'model__max_depth': 2, 'model__learning_rate': 0.03}",,
LightGBM,23,1.4503002525060167,1.6492059125544007,0.3247040069565298,"{'selector__k': 'all', 'selector': SelectKBest(score_func=<function mutual_info_regression at 0x000001FCBE703380>), 'model__reg_lambda': 1, 'model__reg_alpha': 0.1, 'model__num_leaves': 5, 'model__n_estimators': 30, 'model__min_child_samples': 2, 'model__max_depth': 2, 'model__learning_rate': 0.03}",,
LightGBM,24,1.5552548207294852,1.8300423350688726,-0.5641107890932444,"{'selector__k': 10, 'selector': SelectKBest(score_func=<function mutual_info_regression at 0x000001FCBE703380>), 'model__reg_lambda': 5, 'model__reg_alpha': 0.1, 'model__num_leaves': 3, 'model__n_estimators': 80, 'model__min_child_samples': 2, 'model__max_depth': 2, 'model__learning_rate': 0.08}",,
LightGBM,25,0.9400480507339054,0.9582330543457139,0.626992234805837,"{'selector__n_features_to_select': 10, 'selector': RFE(estimator=Ridge(), step=0.25), 'model__reg_lambda': 1, 'model__reg_alpha': 0.1, 'model__num_leaves': 3, 'model__n_estimators': 80, 'model__min_child_samples': 2, 'model__max_depth': 1, 'model__learning_rate': 0.08}",,
LightGBM,26,1.4006636248381805,1.533444581548895,-0.002540206524346278,"{'selector': SelectFromModel(estimator=ElasticNet(alpha=0.05, l1_ratio=0.8, max_iter=20000,
                                     random_state=42)), 'model__reg_lambda': 5, 'model__reg_alpha': 0.1, 'model__num_leaves': 3, 'model__n_estimators': 80, 'model__min_child_samples': 2, 'model__max_depth': 1, 'model__learning_rate': 0.03}",,
LightGBM,27,0.8512450325483768,1.246480007403029,-0.3865383816717465,"{'selector__n_features_to_select': 10, 'selector': RFE(estimator=Ridge(), step=0.25), 'model__reg_lambda': 5, 'model__reg_alpha': 0.1, 'model__num_leaves': 5, 'model__n_estimators': 80, 'model__min_child_samples': 2, 'model__max_depth': 2, 'model__learning_rate': 0.08}",,
LightGBM,28,0.774507536902007,0.9135442456931819,0.4930922086845074,"{'selector__k': 10, 'selector': SelectKBest(score_func=<function mutual_info_regression at 0x000001FCBE703380>), 'model__reg_lambda': 5, 'model__reg_alpha': 0.1, 'model__num_leaves': 5, 'model__n_estimators': 30, 'model__min_child_samples': 2, 'model__max_depth': 1, 'model__learning_rate': 0.08}",,
LightGBM,29,1.4147157773403458,1.7853304965807455,0.5187814329112985,"{'selector__k': 10, 'selector': SelectKBest(score_func=<function mutual_info_regression at 0x000001FCBE703380>), 'model__reg_lambda': 5, 'model__reg_alpha': 0.1, 'model__num_leaves': 5, 'model__n_estimators': 80, 'model__min_child_samples': 2, 'model__max_depth': 2, 'model__learning_rate': 0.08}",,
LightGBM,30,1.5523662567831824,1.7504875882694215,0.33808051768115766,"{'selector__k': 10, 'selector': SelectKBest(score_func=<function mutual_info_regression at 0x000001FCBE703380>), 'model__reg_lambda': 1, 'model__reg_alpha': 0.1, 'model__num_leaves': 3, 'model__n_estimators': 80, 'model__min_child_samples': 2, 'model__max_depth': 2, 'model__learning_rate': 0.03}",,
LightGBM,31,1.0688271802836595,1.3262594790898061,0.40483500494122737,"{'selector__k': 10, 'selector': SelectKBest(score_func=<function mutual_info_regression at 0x000001FCBE703380>), 'model__reg_lambda': 5, 'model__reg_alpha': 0.1, 'model__num_leaves': 3, 'model__n_estimators': 80, 'model__min_child_samples': 2, 'model__max_depth': 1, 'model__learning_rate': 0.08}",,
LightGBM,32,0.855372425389876,1.0685025556567715,0.19482721275964143,"{'selector__k': 'all', 'selector': SelectKBest(score_func=<function mutual_info_regression at 0x000001FCBE703380>), 'model__reg_lambda': 1, 'model__reg_alpha': 0.1, 'model__num_leaves': 5, 'model__n_estimators': 80, 'model__min_child_samples': 2, 'model__max_depth': 2, 'model__learning_rate': 0.08}",,
LightGBM,33,1.9646515574068995,2.259558258196652,-0.23334914147291497,"{'selector': SelectFromModel(estimator=ElasticNet(alpha=0.05, l1_ratio=0.8, max_iter=20000,
                                     random_state=42)), 'model__reg_lambda': 1, 'model__reg_alpha': 0.1, 'model__num_leaves': 5, 'model__n_estimators': 30, 'model__min_child_samples': 2, 'model__max_depth': 1, 'model__learning_rate': 0.03}",,
LightGBM,34,1.9388848953793572,2.257231794616449,0.032716083835387266,"{'selector__n_features_to_select': 10, 'selector': RFE(estimator=Ridge(), step=0.25), 'model__reg_lambda': 5, 'model__reg_alpha': 0.1, 'model__num_leaves': 3, 'model__n_estimators': 80, 'model__min_child_samples': 2, 'model__max_depth': 2, 'model__learning_rate': 0.08}",,
LightGBM,35,1.6880985878675059,1.8944557521954974,-2.093390670648836,"{'selector__k': 10, 'selector': SelectKBest(score_func=<function mutual_info_regression at 0x000001FCBE703380>), 'model__reg_lambda': 1, 'model__reg_alpha': 0.1, 'model__num_leaves': 3, 'model__n_estimators': 30, 'model__min_child_samples': 2, 'model__max_depth': 2, 'model__learning_rate': 0.08}",,
LightGBM,36,1.7734634208552293,2.4394631150829578,-0.0649082932946008,"{'selector__k': 10, 'selector': SelectKBest(score_func=<function mutual_info_regression at 0x000001FCBE703380>), 'model__reg_lambda': 5, 'model__reg_alpha': 0.1, 'model__num_leaves': 3, 'model__n_estimators': 30, 'model__min_child_samples': 2, 'model__max_depth': 1, 'model__learning_rate': 0.03}",,
LightGBM,37,1.6168593918422403,1.9204580124080466,-0.31244967661564726,"{'selector__n_features_to_select': 10, 'selector': RFE(estimator=Ridge(), step=0.25), 'model__reg_lambda': 1, 'model__reg_alpha': 0.1, 'model__num_leaves': 5, 'model__n_estimators': 80, 'model__min_child_samples': 2, 'model__max_depth': 2, 'model__learning_rate': 0.08}",,
LightGBM,38,1.1514224842988214,1.3652478922337388,-0.029795855527855464,"{'selector__n_features_to_select': 10, 'selector': RFE(estimator=Ridge(), step=0.25), 'model__reg_lambda': 5, 'model__reg_alpha': 0.1, 'model__num_leaves': 5, 'model__n_estimators': 30, 'model__min_child_samples': 2, 'model__max_depth': 2, 'model__learning_rate': 0.08}",,
LightGBM,39,0.5889044429944947,0.7724632861370051,0.2761395188006539,"{'selector__k': 10, 'selector': SelectKBest(score_func=<function mutual_info_regression at 0x000001FCBE703380>), 'model__reg_lambda': 1, 'model__reg_alpha': 0.1, 'model__num_leaves': 3, 'model__n_estimators': 80, 'model__min_child_samples': 2, 'model__max_depth': 2, 'model__learning_rate': 0.03}",,
LightGBM,40,2.1233919215911627,2.2627674329033627,-1.8579194437424906,"{'selector': SelectFromModel(estimator=ElasticNet(alpha=0.05, l1_ratio=0.8, max_iter=20000,
                                     random_state=42)), 'model__reg_lambda': 1, 'model__reg_alpha': 0.1, 'model__num_leaves': 3, 'model__n_estimators': 30, 'model__min_child_samples': 2, 'model__max_depth': 2, 'model__learning_rate': 0.03}",,
LightGBM,41,1.3172651008645195,1.576969455143174,0.04730681972698647,"{'selector__k': 'all', 'selector': SelectKBest(score_func=<function mutual_info_regression at 0x000001FCBE703380>), 'model__reg_lambda': 5, 'model__reg_alpha': 0.1, 'model__num_leaves': 5, 'model__n_estimators': 30, 'model__min_child_samples': 2, 'model__max_depth': 2, 'model__learning_rate': 0.08}",,
LightGBM,42,0.9723132938465018,1.2556510416775297,-0.1267874767722439,"{'selector__k': 'all', 'selector': SelectKBest(score_func=<function mutual_info_regression at 0x000001FCBE703380>), 'model__reg_lambda': 5, 'model__reg_alpha': 0.1, 'model__num_leaves': 3, 'model__n_estimators': 80, 'model__min_child_samples': 2, 'model__max_depth': 2, 'model__learning_rate': 0.08}",,
LightGBM,43,2.2660917572393,2.6177132367851623,0.22817254160290845,"{'selector': SelectFromModel(estimator=ElasticNet(alpha=0.05, l1_ratio=0.8, max_iter=20000,
                                     random_state=42)), 'model__reg_lambda': 5, 'model__reg_alpha': 0.1, 'model__num_leaves': 3, 'model__n_estimators': 30, 'model__min_child_samples': 2, 'model__max_depth': 2, 'model__learning_rate': 0.08}",,
LightGBM,44,1.2298284757521396,1.5567603790654754,-0.14514567870658568,"{'selector__k': 'all', 'selector': SelectKBest(score_func=<function mutual_info_regression at 0x000001FCBE703380>), 'model__reg_lambda': 1, 'model__reg_alpha': 0.1, 'model__num_leaves': 5, 'model__n_estimators': 30, 'model__min_child_samples': 2, 'model__max_depth': 2, 'model__learning_rate': 0.08}",,
LightGBM,45,1.9157107471141772,2.1220490305498725,-5.2608343850714245,"{'selector__k': 10, 'selector': SelectKBest(score_func=<function mutual_info_regression at 0x000001FCBE703380>), 'model__reg_lambda': 5, 'model__reg_alpha': 0.1, 'model__num_leaves': 5, 'model__n_estimators': 30, 'model__min_child_samples': 2, 'model__max_depth': 2, 'model__learning_rate': 0.08}",,
LightGBM,46,1.7666316240664364,2.2936735993608646,0.13445570498910075,"{'selector': SelectFromModel(estimator=ElasticNet(alpha=0.05, l1_ratio=0.8, max_iter=20000,
                                     random_state=42)), 'model__reg_lambda': 1, 'model__reg_alpha': 0.1, 'model__num_leaves': 3, 'model__n_estimators': 30, 'model__min_child_samples': 2, 'model__max_depth': 2, 'model__learning_rate': 0.08}",,
LightGBM,47,1.2263697475364583,1.5992272598171877,0.003317557433215823,"{'selector__k': 'all', 'selector': SelectKBest(score_func=<function mutual_info_regression at 0x000001FCBE703380>), 'model__reg_lambda': 5, 'model__reg_alpha': 0.1, 'model__num_leaves': 3, 'model__n_estimators': 80, 'model__min_child_samples': 2, 'model__max_depth': 1, 'model__learning_rate': 0.03}",,
LightGBM,48,1.2265971650247767,1.5439654377045011,-1.3208408777892249,"{'selector__k': 'all', 'selector': SelectKBest(score_func=<function mutual_info_regression at 0x000001FCBE703380>), 'model__reg_lambda': 1, 'model__reg_alpha': 0.1, 'model__num_leaves': 3, 'model__n_estimators': 30, 'model__min_child_samples': 2, 'model__max_depth': 2, 'model__learning_rate': 0.08}",,
LightGBM,49,2.067547704866547,2.2635764522103585,-2.103044805680866,"{'selector__k': 10, 'selector': SelectKBest(score_func=<function mutual_info_regression at 0x000001FCBE703380>), 'model__reg_lambda': 1, 'model__reg_alpha': 0.1, 'model__num_leaves': 3, 'model__n_estimators': 80, 'model__min_child_samples': 2, 'model__max_depth': 2, 'model__learning_rate': 0.03}",,
LightGBM,50,1.4746463609855125,1.6953634449156079,-4.236008127414133,"{'selector__k': 'all', 'selector': SelectKBest(score_func=<function mutual_info_regression at 0x000001FCBE703380>), 'model__reg_lambda': 1, 'model__reg_alpha': 0.1, 'model__num_leaves': 5, 'model__n_estimators': 30, 'model__min_child_samples': 2, 'model__max_depth': 2, 'model__learning_rate': 0.08}",,
LightGBM,51,1.2670593979215492,1.4136966705931788,-0.18326621335850457,"{'selector__k': 'all', 'selector': SelectKBest(score_func=<function mutual_info_regression at 0x000001FCBE703380>), 'model__reg_lambda': 5, 'model__reg_alpha': 0.1, 'model__num_leaves': 3, 'model__n_estimators': 30, 'model__min_child_samples': 2, 'model__max_depth': 1, 'model__learning_rate': 0.08}",,
LightGBM,52,1.661374839876863,2.2172627692361337,0.14745218262073112,"{'selector__k': 'all', 'selector': SelectKBest(score_func=<function mutual_info_regression at 0x000001FCBE703380>), 'model__reg_lambda': 1, 'model__reg_alpha': 0.1, 'model__num_leaves': 5, 'model__n_estimators': 30, 'model__min_child_samples': 2, 'model__max_depth': 2, 'model__learning_rate': 0.03}",,
LightGBM,53,1.6311569816954394,1.9059155731540758,-0.07045115383685352,"{'selector': SelectFromModel(estimator=ElasticNet(alpha=0.05, l1_ratio=0.8, max_iter=20000,
                                     random_state=42)), 'model__reg_lambda': 1, 'model__reg_alpha': 0.1, 'model__num_leaves': 5, 'model__n_estimators': 30, 'model__min_child_samples': 2, 'model__max_depth': 2, 'model__learning_rate': 0.03}",,
LightGBM,54,1.4575548278086767,1.7654117505438705,-0.4059395399515535,"{'selector__k': 'all', 'selector': SelectKBest(score_func=<function mutual_info_regression at 0x000001FCBE703380>), 'model__reg_lambda': 5, 'model__reg_alpha': 0.1, 'model__num_leaves': 5, 'model__n_estimators': 80, 'model__min_child_samples': 2, 'model__max_depth': 2, 'model__learning_rate': 0.03}",,
LightGBM,55,1.3235814429997124,1.754757992825946,-0.929152906493449,"{'selector__n_features_to_select': 10, 'selector': RFE(estimator=Ridge(), step=0.25), 'model__reg_lambda': 5, 'model__reg_alpha': 0.1, 'model__num_leaves': 5, 'model__n_estimators': 80, 'model__min_child_samples': 2, 'model__max_depth': 1, 'model__learning_rate': 0.08}",,
LightGBM,56,1.7635808379096443,2.298571439440189,-0.06940330191190713,"{'selector': SelectFromModel(estimator=ElasticNet(alpha=0.05, l1_ratio=0.8, max_iter=20000,
                                     random_state=42)), 'model__reg_lambda': 1, 'model__reg_alpha': 0.1, 'model__num_leaves': 5, 'model__n_estimators': 30, 'model__min_child_samples': 2, 'model__max_depth': 2, 'model__learning_rate': 0.08}",,
LightGBM,57,1.0755932747059345,1.1829706924252053,-0.43769798660012027,"{'selector__k': 10, 'selector': SelectKBest(score_func=<function mutual_info_regression at 0x000001FCBE703380>), 'model__reg_lambda': 5, 'model__reg_alpha': 0.1, 'model__num_leaves': 5, 'model__n_estimators': 30, 'model__min_child_samples': 2, 'model__max_depth': 1, 'model__learning_rate': 0.03}",,
LightGBM,58,1.3062992057778524,1.4294563350788088,0.1879222575030547,"{'selector__k': 'all', 'selector': SelectKBest(score_func=<function mutual_info_regression at 0x000001FCBE703380>), 'model__reg_lambda': 1, 'model__reg_alpha': 0.1, 'model__num_leaves': 5, 'model__n_estimators': 30, 'model__min_child_samples': 2, 'model__max_depth': 2, 'model__learning_rate': 0.03}",,
LightGBM,59,1.9452564558283818,2.0646959852582274,-0.8108333301237729,"{'selector': SelectFromModel(estimator=ElasticNet(alpha=0.05, l1_ratio=0.8, max_iter=20000,
                                     random_state=42)), 'model__reg_lambda': 1, 'model__reg_alpha': 0.1, 'model__num_leaves': 3, 'model__n_estimators': 30, 'model__min_child_samples': 2, 'model__max_depth': 2, 'model__learning_rate': 0.08}",,
LightGBM,60,1.0977847215256837,1.4188581576117476,0.5179308517956498,"{'selector__n_features_to_select': 10, 'selector': RFE(estimator=Ridge(), step=0.25), 'model__reg_lambda': 1, 'model__reg_alpha': 0.1, 'model__num_leaves': 3, 'model__n_estimators': 80, 'model__min_child_samples': 2, 'model__max_depth': 2, 'model__learning_rate': 0.03}",,
LightGBM,61,1.6618143478047127,1.7989702822082319,-1.3665039854778636,"{'selector__k': 'all', 'selector': SelectKBest(score_func=<function mutual_info_regression at 0x000001FCBE703380>), 'model__reg_lambda': 5, 'model__reg_alpha': 0.1, 'model__num_leaves': 5, 'model__n_estimators': 80, 'model__min_child_samples': 2, 'model__max_depth': 2, 'model__learning_rate': 0.08}",,
LightGBM,62,1.1533603478805792,1.5687060574536107,-0.20310277605002014,"{'selector': SelectFromModel(estimator=ElasticNet(alpha=0.05, l1_ratio=0.8, max_iter=20000,
                                     random_state=42)), 'model__reg_lambda': 5, 'model__reg_alpha': 0.1, 'model__num_leaves': 3, 'model__n_estimators': 30, 'model__min_child_samples': 2, 'model__max_depth': 2, 'model__learning_rate': 0.08}",,
LightGBM,63,1.6791166273584208,1.8535503920541094,-0.3029626498646427,"{'selector__n_features_to_select': 10, 'selector': RFE(estimator=Ridge(), step=0.25), 'model__reg_lambda': 1, 'model__reg_alpha': 0.1, 'model__num_leaves': 5, 'model__n_estimators': 80, 'model__min_child_samples': 2, 'model__max_depth': 1, 'model__learning_rate': 0.08}",,
LightGBM,64,1.4757084989456504,1.7488166547256139,-0.13258211835145284,"{'selector__k': 10, 'selector': SelectKBest(score_func=<function mutual_info_regression at 0x000001FCBE703380>), 'model__reg_lambda': 5, 'model__reg_alpha': 0.1, 'model__num_leaves': 5, 'model__n_estimators': 30, 'model__min_child_samples': 2, 'model__max_depth': 1, 'model__learning_rate': 0.08}",,
LightGBM,65,1.9934725005276288,2.5301233977820115,0.06547856333238278,"{'selector__k': 'all', 'selector': SelectKBest(score_func=<function mutual_info_regression at 0x000001FCBE703380>), 'model__reg_lambda': 1, 'model__reg_alpha': 0.1, 'model__num_leaves': 3, 'model__n_estimators': 30, 'model__min_child_samples': 2, 'model__max_depth': 1, 'model__learning_rate': 0.03}",,
LightGBM,66,1.242667038864568,1.3641733143177635,-7.539699771319519e-05,"{'selector__k': 'all', 'selector': SelectKBest(score_func=<function mutual_info_regression at 0x000001FCBE703380>), 'model__reg_lambda': 5, 'model__reg_alpha': 0.1, 'model__num_leaves': 3, 'model__n_estimators': 30, 'model__min_child_samples': 2, 'model__max_depth': 2, 'model__learning_rate': 0.03}",,
LightGBM,67,1.835707913484688,2.341012944218004,0.10829588557326819,"{'selector__k': 'all', 'selector': SelectKBest(score_func=<function mutual_info_regression at 0x000001FCBE703380>), 'model__reg_lambda': 5, 'model__reg_alpha': 0.1, 'model__num_leaves': 5, 'model__n_estimators': 80, 'model__min_child_samples': 2, 'model__max_depth': 1, 'model__learning_rate': 0.08}",,
LightGBM,68,1.707585870024085,2.0425309441368045,0.02595950310142603,"{'selector': SelectFromModel(estimator=ElasticNet(alpha=0.05, l1_ratio=0.8, max_iter=20000,
                                     random_state=42)), 'model__reg_lambda': 5, 'model__reg_alpha': 0.1, 'model__num_leaves': 5, 'model__n_estimators': 80, 'model__min_child_samples': 2, 'model__max_depth': 2, 'model__learning_rate': 0.03}",,
LightGBM,69,1.3711043277399233,1.5408528312169858,0.18596266304427178,"{'selector__n_features_to_select': 10, 'selector': RFE(estimator=Ridge(), step=0.25), 'model__reg_lambda': 5, 'model__reg_alpha': 0.1, 'model__num_leaves': 3, 'model__n_estimators': 30, 'model__min_child_samples': 2, 'model__max_depth': 2, 'model__learning_rate': 0.08}",,
LightGBM,70,0.9380503591965014,1.2724791727144162,-0.4059005928384323,"{'selector__k': 'all', 'selector': SelectKBest(score_func=<function mutual_info_regression at 0x000001FCBE703380>), 'model__reg_lambda': 5, 'model__reg_alpha': 0.1, 'model__num_leaves': 5, 'model__n_estimators': 80, 'model__min_child_samples': 2, 'model__max_depth': 2, 'model__learning_rate': 0.03}",,
LightGBM,71,1.481571614056941,1.6254139475274159,0.18185728433082837,"{'selector': SelectFromModel(estimator=ElasticNet(alpha=0.05, l1_ratio=0.8, max_iter=20000,
                                     random_state=42)), 'model__reg_lambda': 5, 'model__reg_alpha': 0.1, 'model__num_leaves': 5, 'model__n_estimators': 30, 'model__min_child_samples': 2, 'model__max_depth': 1, 'model__learning_rate': 0.08}",,
LightGBM,72,1.9250603123298606,2.3360678605361382,0.20409002871791782,"{'selector__k': 10, 'selector': SelectKBest(score_func=<function mutual_info_regression at 0x000001FCBE703380>), 'model__reg_lambda': 1, 'model__reg_alpha': 0.1, 'model__num_leaves': 5, 'model__n_estimators': 30, 'model__min_child_samples': 2, 'model__max_depth': 1, 'model__learning_rate': 0.08}",,
LightGBM,73,1.1037038881352963,1.204141677372478,-0.0446736969547179,"{'selector__n_features_to_select': 10, 'selector': RFE(estimator=Ridge(), step=0.25), 'model__reg_lambda': 1, 'model__reg_alpha': 0.1, 'model__num_leaves': 5, 'model__n_estimators': 30, 'model__min_child_samples': 2, 'model__max_depth': 1, 'model__learning_rate': 0.08}",,
LightGBM,74,1.4870254224758896,1.9230938865883762,-0.0567388104946418,"{'selector': SelectFromModel(estimator=ElasticNet(alpha=0.05, l1_ratio=0.8, max_iter=20000,
                                     random_state=42)), 'model__reg_lambda': 1, 'model__reg_alpha': 0.1, 'model__num_leaves': 5, 'model__n_estimators': 80, 'model__min_child_samples': 2, 'model__max_depth': 1, 'model__learning_rate': 0.03}",,
LightGBM,75,1.0433052350655543,1.1277297825839723,-0.13875067033271615,"{'selector__k': 10, 'selector': SelectKBest(score_func=<function mutual_info_regression at 0x000001FCBE703380>), 'model__reg_lambda': 1, 'model__reg_alpha': 0.1, 'model__num_leaves': 3, 'model__n_estimators': 30, 'model__min_child_samples': 2, 'model__max_depth': 1, 'model__learning_rate': 0.08}",,
LightGBM,76,1.80824112432388,2.0323909273908476,-1.8484053197576662,"{'selector__k': 'all', 'selector': SelectKBest(score_func=<function mutual_info_regression at 0x000001FCBE703380>), 'model__reg_lambda': 5, 'model__reg_alpha': 0.1, 'model__num_leaves': 3, 'model__n_estimators': 30, 'model__min_child_samples': 2, 'model__max_depth': 2, 'model__learning_rate': 0.03}",,
LightGBM,77,2.1644107834215474,2.6891050583565526,-1.8068685296167777,"{'selector__n_features_to_select': 10, 'selector': RFE(estimator=Ridge(), step=0.25), 'model__reg_lambda': 1, 'model__reg_alpha': 0.1, 'model__num_leaves': 3, 'model__n_estimators': 30, 'model__min_child_samples': 2, 'model__max_depth': 1, 'model__learning_rate': 0.08}",,
LightGBM,78,1.00388573178306,1.2453460776643026,0.2871127467357828,"{'selector__k': 'all', 'selector': SelectKBest(score_func=<function mutual_info_regression at 0x000001FCBE703380>), 'model__reg_lambda': 5, 'model__reg_alpha': 0.1, 'model__num_leaves': 3, 'model__n_estimators': 30, 'model__min_child_samples': 2, 'model__max_depth': 1, 'model__learning_rate': 0.08}",,
LightGBM,79,1.4116514452777988,1.614547519814464,0.33671804007048345,"{'selector__k': 'all', 'selector': SelectKBest(score_func=<function mutual_info_regression at 0x000001FCBE703380>), 'model__reg_lambda': 1, 'model__reg_alpha': 0.1, 'model__num_leaves': 3, 'model__n_estimators': 80, 'model__min_child_samples': 2, 'model__max_depth': 2, 'model__learning_rate': 0.03}",,
LightGBM,80,1.1055695700781338,1.4261113367825513,-0.8325096652119137,"{'selector__k': 10, 'selector': SelectKBest(score_func=<function mutual_info_regression at 0x000001FCBE703380>), 'model__reg_lambda': 1, 'model__reg_alpha': 0.1, 'model__num_leaves': 5, 'model__n_estimators': 80, 'model__min_child_samples': 2, 'model__max_depth': 2, 'model__learning_rate': 0.03}",,
LightGBM,81,1.4493283870026168,1.9834001324843933,0.02868102921524396,"{'selector__k': 'all', 'selector': SelectKBest(score_func=<function mutual_info_regression at 0x000001FCBE703380>), 'model__reg_lambda': 1, 'model__reg_alpha': 0.1, 'model__num_leaves': 5, 'model__n_estimators': 80, 'model__min_child_samples': 2, 'model__max_depth': 2, 'model__learning_rate': 0.03}",,
LightGBM,82,0.8668800474568444,1.0176027924745255,0.4592556095462277,"{'selector__k': 10, 'selector': SelectKBest(score_func=<function mutual_info_regression at 0x000001FCBE703380>), 'model__reg_lambda': 5, 'model__reg_alpha': 0.1, 'model__num_leaves': 3, 'model__n_estimators': 30, 'model__min_child_samples': 2, 'model__max_depth': 1, 'model__learning_rate': 0.08}",,
LightGBM,83,1.9029224956741675,2.2855762131768285,0.2509043868488612,"{'selector__k': 10, 'selector': SelectKBest(score_func=<function mutual_info_regression at 0x000001FCBE703380>), 'model__reg_lambda': 5, 'model__reg_alpha': 0.1, 'model__num_leaves': 5, 'model__n_estimators': 30, 'model__min_child_samples': 2, 'model__max_depth': 2, 'model__learning_rate': 0.03}",,
LightGBM,84,1.4861437134345088,1.858553577329977,-3.16653500132208,"{'selector__k': 10, 'selector': SelectKBest(score_func=<function mutual_info_regression at 0x000001FCBE703380>), 'model__reg_lambda': 1, 'model__reg_alpha': 0.1, 'model__num_leaves': 3, 'model__n_estimators': 30, 'model__min_child_samples': 2, 'model__max_depth': 1, 'model__learning_rate': 0.03}",,
LightGBM,85,1.4161005727982061,1.5554908529290008,-0.1432292073735677,"{'selector__k': 10, 'selector': SelectKBest(score_func=<function mutual_info_regression at 0x000001FCBE703380>), 'model__reg_lambda': 5, 'model__reg_alpha': 0.1, 'model__num_leaves': 3, 'model__n_estimators': 80, 'model__min_child_samples': 2, 'model__max_depth': 1, 'model__learning_rate': 0.08}",,
LightGBM,86,1.1504121689505833,1.4517833821243196,-0.6345752141624055,"{'selector__k': 10, 'selector': SelectKBest(score_func=<function mutual_info_regression at 0x000001FCBE703380>), 'model__reg_lambda': 5, 'model__reg_alpha': 0.1, 'model__num_leaves': 3, 'model__n_estimators': 30, 'model__min_child_samples': 2, 'model__max_depth': 2, 'model__learning_rate': 0.03}",,
LightGBM,87,1.452162339662778,1.696262393488477,-0.04091686970776687,"{'selector__k': 10, 'selector': SelectKBest(score_func=<function mutual_info_regression at 0x000001FCBE703380>), 'model__reg_lambda': 5, 'model__reg_alpha': 0.1, 'model__num_leaves': 5, 'model__n_estimators': 80, 'model__min_child_samples': 2, 'model__max_depth': 1, 'model__learning_rate': 0.03}",,
LightGBM,88,1.8461480842654667,2.3551679996352233,0.21520523427398675,"{'selector__k': 10, 'selector': SelectKBest(score_func=<function mutual_info_regression at 0x000001FCBE703380>), 'model__reg_lambda': 1, 'model__reg_alpha': 0.1, 'model__num_leaves': 5, 'model__n_estimators': 80, 'model__min_child_samples': 2, 'model__max_depth': 2, 'model__learning_rate': 0.03}",,
LightGBM,89,1.0904561885158313,1.26094915726234,0.3412912860079992,"{'selector__k': 10, 'selector': SelectKBest(score_func=<function mutual_info_regression at 0x000001FCBE703380>), 'model__reg_lambda': 5, 'model__reg_alpha': 0.1, 'model__num_leaves': 5, 'model__n_estimators': 30, 'model__min_child_samples': 2, 'model__max_depth': 2, 'model__learning_rate': 0.03}",,
LightGBM,90,0.9515590644813221,1.2623169669334564,0.42301350678849026,"{'selector__k': 'all', 'selector': SelectKBest(score_func=<function mutual_info_regression at 0x000001FCBE703380>), 'model__reg_lambda': 1, 'model__reg_alpha': 0.1, 'model__num_leaves': 5, 'model__n_estimators': 30, 'model__min_child_samples': 2, 'model__max_depth': 1, 'model__learning_rate': 0.08}",,
LightGBM,91,1.4192052378664546,1.7035913128133588,0.3189723141080456,"{'selector__k': 'all', 'selector': SelectKBest(score_func=<function mutual_info_regression at 0x000001FCBE703380>), 'model__reg_lambda': 5, 'model__reg_alpha': 0.1, 'model__num_leaves': 5, 'model__n_estimators': 30, 'model__min_child_samples': 2, 'model__max_depth': 2, 'model__learning_rate': 0.03}",,
LightGBM,92,1.219985131089004,1.5183019965238493,0.1770259102111995,"{'selector__k': 'all', 'selector': SelectKBest(score_func=<function mutual_info_regression at 0x000001FCBE703380>), 'model__reg_lambda': 1, 'model__reg_alpha': 0.1, 'model__num_leaves': 5, 'model__n_estimators': 80, 'model__min_child_samples': 2, 'model__max_depth': 1, 'model__learning_rate': 0.08}",,
LightGBM,93,1.0945402123801236,1.189384789148163,0.18302204746369555,"{'selector__n_features_to_select': 10, 'selector': RFE(estimator=Ridge(), step=0.25), 'model__reg_lambda': 1, 'model__reg_alpha': 0.1, 'model__num_leaves': 5, 'model__n_estimators': 30, 'model__min_child_samples': 2, 'model__max_depth': 2, 'model__learning_rate': 0.03}",,
LightGBM,94,1.300756027383549,1.8188252707462813,-0.49196632311563016,"{'selector__k': 'all', 'selector': SelectKBest(score_func=<function mutual_info_regression at 0x000001FCBE703380>), 'model__reg_lambda': 5, 'model__reg_alpha': 0.1, 'model__num_leaves': 5, 'model__n_estimators': 30, 'model__min_child_samples': 2, 'model__max_depth': 2, 'model__learning_rate': 0.08}",,
LightGBM,95,1.4117526892303942,1.701400147607131,0.4104615754566455,"{'selector__k': 'all', 'selector': SelectKBest(score_func=<function mutual_info_regression at 0x000001FCBE703380>), 'model__reg_lambda': 1, 'model__reg_alpha': 0.1, 'model__num_leaves': 5, 'model__n_estimators': 30, 'model__min_child_samples': 2, 'model__max_depth': 2, 'model__learning_rate': 0.08}",,
LightGBM,96,1.925064019196281,2.364095287719521,0.06407053047951139,"{'selector__k': 10, 'selector': SelectKBest(score_func=<function mutual_info_regression at 0x000001FCBE703380>), 'model__reg_lambda': 1, 'model__reg_alpha': 0.1, 'model__num_leaves': 5, 'model__n_estimators': 80, 'model__min_child_samples': 2, 'model__max_depth': 1, 'model__learning_rate': 0.03}",,
LightGBM,97,1.441173600295374,1.6115232196855624,0.34084905208558014,"{'selector__k': 'all', 'selector': SelectKBest(score_func=<function mutual_info_regression at 0x000001FCBE703380>), 'model__reg_lambda': 1, 'model__reg_alpha': 0.1, 'model__num_leaves': 5, 'model__n_estimators': 80, 'model__min_child_samples': 2, 'model__max_depth': 1, 'model__learning_rate': 0.08}",,
LightGBM,98,1.0586035696319662,1.298845500126521,-0.2582629055503891,"{'selector__k': 10, 'selector': SelectKBest(score_func=<function mutual_info_regression at 0x000001FCBE703380>), 'model__reg_lambda': 1, 'model__reg_alpha': 0.1, 'model__num_leaves': 5, 'model__n_estimators': 80, 'model__min_child_samples': 2, 'model__max_depth': 1, 'model__learning_rate': 0.03}",,
LightGBM,99,2.1534818799978357,2.2591954039688718,-8.932037807530094,"{'selector__k': 10, 'selector': SelectKBest(score_func=<function mutual_info_regression at 0x000001FCBE703380>), 'model__reg_lambda': 5, 'model__reg_alpha': 0.1, 'model__num_leaves': 3, 'model__n_estimators': 80, 'model__min_child_samples': 2, 'model__max_depth': 1, 'model__learning_rate': 0.03}",,
LightGBM,100,1.2107575194161457,1.5055028710408562,-0.07011287192310611,"{'selector__k': 'all', 'selector': SelectKBest(score_func=<function mutual_info_regression at 0x000001FCBE703380>), 'model__reg_lambda': 1, 'model__reg_alpha': 0.1, 'model__num_leaves': 3, 'model__n_estimators': 80, 'model__min_child_samples': 2, 'model__max_depth': 2, 'model__learning_rate': 0.08}",,
LightGBM,OOF_SUMMARY,1.5656475359599147,1.8678755456264264,0.00494924970418309,"{'selector__k': 'all', 'selector': SelectKBest(score_func=<function mutual_info_regression at 0x000001FCBE703380>), 'model__reg_lambda': 5, 'model__reg_alpha': 0.1, 'model__num_leaves': 5, 'model__n_estimators': 30, 'model__min_child_samples': 2, 'model__max_depth': 2, 'model__learning_rate': 0.08}",0.24334301263801839,"{'selector__k': 'all', 'selector': SelectKBest(score_func=<function mutual_info_regression at 0x000001FCBE703380>), 'model__reg_lambda': 5, 'model__reg_alpha': 0.1, 'model__num_leaves': 5, 'model__n_estimators': 30, 'model__min_child_samples': 2, 'model__max_depth': 2, 'model__learning_rate': 0.08}"
